2026-06-13 10:31:41,631 | INFO    | ====== WebDriver manager ======
2026-06-13 10:31:42,234 | INFO    | Driver [C:\Users\JaiP\.wdm\drivers\chromedriver\win64\149.0.7827.115\chromedriver-win64/chromedriver.exe] found in cache by browser version
2026-06-13 10:31:42,835 | INFO    | Opening https://jiitshelf.vercel.app
2026-06-13 10:31:45,926 | INFO    | Selecting Branch and Semester dropdowns ...
2026-06-13 10:31:45,926 | INFO    |   Selecting 'CSE' in 'Branch' dropdown
2026-06-13 10:31:45,942 | ERROR   |     ✗ Failed: Message: no such element: Unable to locate element: {"method":"xpath","selector":"//label[normalize-space()='Branch']/following::*[self::button or @role='combobox' or contains(@class,'select') or contains(@class,'dropdown')][1]"}
  (Session info: chrome=149.0.7827.103); For documentation on this error, please visit: https://www.selenium.dev/documentation/webdriver/troubleshooting/errors#nosuchelementexception
Stacktrace:
	chromedriver!GetHandleVerifier [0x7ff6dad8fd95+15395]
	chromedriver!GetHandleVerifier [0x7ff6dad8fdf0+153f0]
	chromedriver!(No symbol) [0x7ff6da8c78fd]
	chromedriver!(No symbol) [0x7ff6da921479]
	chromedriver!(No symbol) [0x7ff6da92177c]
	chromedriver!(No symbol) [0x7ff6da971ef7]
	chromedriver!(No symbol) [0x7ff6da96eaeb]
	chromedriver!(No symbol) [0x7ff6da913a58]
	chromedriver!(No symbol) [0x7ff6da914953]
	chromedriver!GetHandleVerifier [0x7ff6db355511+5dab11]
	chromedriver!GetHandleVerifier [0x7ff6db34f8fb+5d4efb]
	chromedriver!GetHandleVerifier [0x7ff6db373205+5f8805]
	chromedriver!GetHandleVerifier [0x7ff6dadacc6e+3226e]
	chromedriver!GetHandleVerifier [0x7ff6dadb562c+3ac2c]
	chromedriver!GetHandleVerifier [0x7ff6dad99984+1ef84]
	chromedriver!GetHandleVerifier [0x7ff6dad99b14+1f114]
	chromedriver!GetHandleVerifier [0x7ff6dad7ca77+2077]
	KERNEL32!BaseThreadInitThunk [0x7ffd4f8ee957+17]
	ntdll!RtlUserThreadStart [0x7ffd501e7c1c+2c]

2026-06-13 10:31:47,143 | INFO    |   Selecting '3' in 'Semester' dropdown
2026-06-13 10:31:47,160 | ERROR   |     ✗ Failed: Message: no such element: Unable to locate element: {"method":"xpath","selector":"//label[normalize-space()='Semester']/following::*[self::button or @role='combobox' or contains(@class,'select') or contains(@class,'dropdown')][1]"}
  (Session info: chrome=149.0.7827.103); For documentation on this error, please visit: https://www.selenium.dev/documentation/webdriver/troubleshooting/errors#nosuchelementexception
Stacktrace:
	chromedriver!GetHandleVerifier [0x7ff6dad8fd95+15395]
	chromedriver!GetHandleVerifier [0x7ff6dad8fdf0+153f0]
	chromedriver!(No symbol) [0x7ff6da8c78fd]
	chromedriver!(No symbol) [0x7ff6da921479]
	chromedriver!(No symbol) [0x7ff6da92177c]
	chromedriver!(No symbol) [0x7ff6da971ef7]
	chromedriver!(No symbol) [0x7ff6da96eaeb]
	chromedriver!(No symbol) [0x7ff6da913a58]
	chromedriver!(No symbol) [0x7ff6da914953]
	chromedriver!GetHandleVerifier [0x7ff6db355511+5dab11]
	chromedriver!GetHandleVerifier [0x7ff6db34f8fb+5d4efb]
	chromedriver!GetHandleVerifier [0x7ff6db373205+5f8805]
	chromedriver!GetHandleVerifier [0x7ff6dadacc6e+3226e]
	chromedriver!GetHandleVerifier [0x7ff6dadb562c+3ac2c]
	chromedriver!GetHandleVerifier [0x7ff6dad99984+1ef84]
	chromedriver!GetHandleVerifier [0x7ff6dad99b14+1f114]
	chromedriver!GetHandleVerifier [0x7ff6dad7ca77+2077]
	KERNEL32!BaseThreadInitThunk [0x7ffd4f8ee957+17]
	ntdll!RtlUserThreadStart [0x7ffd501e7c1c+2c]

2026-06-13 10:31:47,960 | INFO    | Clicking 'View Subjects'
2026-06-13 10:31:51,045 | INFO    |   ✓ At: https://jiitshelf.vercel.app/
2026-06-13 10:31:51,045 | INFO    | Collecting all subjects on the page ...
2026-06-13 10:32:11,861 | INFO    |   Found 8 'View Material' buttons
2026-06-13 10:32:14,624 | INFO    |     [1] LSPC Lab (24B16HS111) → https://jiitshelf.vercel.app/material/1sKumOqtwA2irrn4cMOsX_SwDFjoTCj2g
2026-06-13 10:32:19,387 | INFO    |     [2] UHV Lab (24B11HS111) → https://jiitshelf.vercel.app/material/1nea29AwgYZJ2pHGNLkaKFR7QBM1TM7GW
2026-06-13 10:32:24,149 | INFO    |     [3] Workshop Lab (18B15GE112) → https://jiitshelf.vercel.app/material/1P1IVYdL4ERC742DaI6qQXSNDzDM-zOSn
2026-06-13 10:32:28,907 | INFO    |     [4] Mathematics II (15B11MA211) → https://jiitshelf.vercel.app/material/1oVawI4lrhwjnIr64Hqs9pwafZ9zkPYQx
2026-06-13 10:32:33,672 | INFO    |     [5] Physics Lab II (15B17PH271) → https://jiitshelf.vercel.app/material/1SjHEF1lP3kBvT5C95lgh4hAKOgG5cj-r
2026-06-13 10:32:38,441 | INFO    |     [6] Physics II (15B11PH211) → https://jiitshelf.vercel.app/material/15hXtZWMyx0wCqJDNn2sFv3-__P3wKl6N
2026-06-13 10:32:43,227 | INFO    |     [7] SDF Lab II (24B15CS121) → https://jiitshelf.vercel.app/material/16jAEvsxtwSUpxgZcFs5WvxlMcGRDvHRQ
2026-06-13 10:32:47,993 | INFO    |     [8] SDF II (15B11CI211) → https://jiitshelf.vercel.app/material/1UCg__YDlDLqeWcAKzhYbKb5ExBcIkdv2
2026-06-13 10:32:50,003 | INFO    |   ✓ Collected 8 subjects
2026-06-13 10:32:50,005 | INFO    | Saved → jiit_downloads\subjects.json
2026-06-13 10:32:50,005 | INFO    | 
▶ Scraping subject: LSPC Lab
2026-06-13 10:32:50,005 | INFO    |   URL: https://jiitshelf.vercel.app/material/1sKumOqtwA2irrn4cMOsX_SwDFjoTCj2g
2026-06-13 10:32:54,504 | INFO    |     ⤷ Expanded: Lectures
2026-06-13 10:32:54,550 | INFO    |       ★ [Lectures] file | 18wc_kBg9hMgnf0jttNj5d__NEiBwqJQv | Week 1 - s2.pdf
2026-06-13 10:32:54,561 | INFO    |       ★ [Lectures] file | 12v-AuL5DhVGf4FhbhKQUILUSB7t1NLtd | Week 1 - s1.pdf
2026-06-13 10:32:54,572 | INFO    |       ★ [Lectures] file | 1c0f4ombDeIzfvYqfFGks_c9SJmerS6IS | Week 2 - s2.pdf
2026-06-13 10:32:54,582 | INFO    |       ★ [Lectures] file | 1AD2dtgziRkfeJN-NoftRS8c7QKblljl7 | Week 2 - s1.pdf
2026-06-13 10:32:54,594 | INFO    |       ★ [Lectures] file | 1vqLYXR9ayOBArXl6WRqdkT-P9gcu8sUh | Week 3 - s2.pdf
2026-06-13 10:32:54,605 | INFO    |       ★ [Lectures] file | 17aQMqcoYtm-zkiZJp2231d-ezU_HV3ms | Week 3 - s1.pdf
2026-06-13 10:32:54,616 | INFO    |       ★ [Lectures] file | 1rHJAFiGCiNryULNa2APPM01hW16hBMHt | Week 5 - activity 2.pdf
2026-06-13 10:32:54,627 | INFO    |       ★ [Lectures] file | 1FS6ZSgJb532hoob3oCfrrJDLwmlSyX39 | Week 5 - activity 1.pdf
2026-06-13 10:32:54,637 | INFO    |       ★ [Lectures] file | 1v8cRsY5rD9nKxKZcjMoOZ7hGHmizXfBy | Week 5(2).pdf
2026-06-13 10:32:54,645 | INFO    |       ★ [Lectures] file | 1c7i-p4WVoTF1c8pPTf9GNErmsG7ldGTI | Week 5(1).pdf
2026-06-13 10:32:54,655 | INFO    |       ★ [Lectures] file | 1mjaEh9GamuIWGRgXoz3iGdtB-fcgDbi2 | Week 6 - s2.pdf
2026-06-13 10:32:54,664 | INFO    |       ★ [Lectures] file | 1d0A_3IAwfwvYZTrCbge6ezEfqt6mwZSP | Week 6 - s1.pdf
2026-06-13 10:32:54,674 | INFO    |       ★ [Lectures] file | 1AG7l2cfkuDQdVdy3QNhM2XGvId7qG2AR | Week 9 - practice.pdf
2026-06-13 10:32:54,683 | INFO    |       ★ [Lectures] file | 1jT2yEZ5rHtcvl-8jChVLuEwPJtwKJXLH | Week 9 - reading 2.pdf
2026-06-13 10:32:54,693 | INFO    |       ★ [Lectures] file | 16_pU4V47oeYKO3A73bULZK-aS1ajMBEv | Week 9 - reading 1.pdf
2026-06-13 10:32:54,702 | INFO    |       ★ [Lectures] file | 1LcEFosyPqWE8mdy0RuOyqhOIEzcaL3aK | Week 10.pdf
2026-06-13 10:32:54,711 | INFO    |       ★ [Lectures] file | 1f_QcqvZsP0KHaxSPxWHk_YRMK0Uj0sMA | Week 11(2).pdf
2026-06-13 10:32:54,720 | INFO    |       ★ [Lectures] file | 1nt44tFJM7t1BfTzT4gstaAerCOjqrbmG | Week 11(1).pdf
2026-06-13 10:32:54,774 | INFO    |       ★ [Other] file | 1WKAmb1_oivj1aRqtrK9-fan04CskZXmS | Course Description
2026-06-13 10:32:54,775 | INFO    | 
▶ Scraping subject: UHV Lab
2026-06-13 10:32:54,775 | INFO    |   URL: https://jiitshelf.vercel.app/material/1nea29AwgYZJ2pHGNLkaKFR7QBM1TM7GW
2026-06-13 10:32:59,230 | INFO    |     ⤷ Expanded: Lectures
2026-06-13 10:32:59,254 | INFO    |       ★ [Lectures] file | 1ds0enlUKCySIhc2M1BQibREFVrjxDuKW | L 1 Holistic Dev - Role of Edu.pptx.pdf
2026-06-13 10:32:59,267 | INFO    |       ★ [Lectures] file | 1ozHvXX6_YVIrCXbrMkh-V8zaFYjR6g6L | L 2 Understanding Value Education v2.ppt.pdf
2026-06-13 10:32:59,282 | INFO    |       ★ [Lectures] file | 16wHCxuIa01pWRa_qp2LwtH_giRo893nA | L 3 Self Exploration v3.ppt.pdf
2026-06-13 10:32:59,294 | INFO    |       ★ [Lectures] file | 1bw3t7ih_Xnk4tS3ANwjJnANNKY4MLRG1 | L 4 Happiness and Prosperity V3.pptx.pdf
2026-06-13 10:32:59,308 | INFO    |       ★ [Lectures] file | 1ZCvTFc50HAkILNnWM9uok0iTN_IlKTBe | L 5 Happiness and Prosperity - Current Scenario v2
2026-06-13 10:32:59,320 | INFO    |       ★ [Lectures] file | 1K4EMHE_MhCwSmAE-d9LYBmjWJl3-_JUv | L 6 Method to Fulfill Basic Human Aspirations v2.p
2026-06-13 10:32:59,332 | INFO    |       ★ [Lectures] file | 1p2EpFZbZJEYO5nTWSrFSNqcJmz1StNe_ | L 7 HB Self-Body V2.ppt.pdf
2026-06-13 10:32:59,344 | INFO    |       ★ [Lectures] file | 18IlM7fDhC66XO4K7X5nXzHgHm1dZ66e8 | L 8 HB Needs of Self-Body v2.ppt.pdf
2026-06-13 10:32:59,355 | INFO    |       ★ [Lectures] file | 1HMcLuOXJ-sd69xiKz2cN07nLbAAMuwQ9 | L 9 HB Body - Instrument of Self V3.ppt.pdf
2026-06-13 10:32:59,366 | INFO    |       ★ [Lectures] file | 1feZC1MzwxX3dNFzA-lGmc9le9mL0ZlbR | L 10 HB Self V5.ppt.pdf
2026-06-13 10:32:59,378 | INFO    |       ★ [Lectures] file | 1yc9e7FkHwe3UpNLNbOL1BhBajBZQKj40 | L 11 HB Harmony of Self with Body v3.ppt.pdf
2026-06-13 10:32:59,388 | INFO    |       ★ [Lectures] file | 1uJi4T4kCKKOsKgcg9YmnyALwmdxHNQiq | L 12 HB Prog for self-regulation and Health v2.ppt
2026-06-13 10:32:59,399 | INFO    |       ★ [Lectures] file | 1khYdQOd92VgUvYugYsns5INb0yI6e2Ak | L 13 Harmony in the Family v4.ppt.pdf
2026-06-13 10:32:59,410 | INFO    |       ★ [Lectures] file | 1jLW2nYwPitDl63_g1oiq8xxKExdEG2Z1 | L 14 Trust v4.ppt.pdf
2026-06-13 10:32:59,420 | INFO    |       ★ [Lectures] file | 1yb2MseZP8n6aweHIBVQoxJv_HMKU3jU8 | L 15 Respect v6.pptx.pdf
2026-06-13 10:32:59,431 | INFO    |       ★ [Lectures] file | 18W8rJ4i-hcS16cE2TiQL_Duw5tWAqp0m | L 16 Other Feelings - Justice v3.ppt.pdf
2026-06-13 10:32:59,441 | INFO    |       ★ [Lectures] file | 1-RYzZhcwkScNQFOHkhPlK64H_ty1pl2x | L 17 Harmony in the Society v4.ppt.pdf
2026-06-13 10:32:59,452 | INFO    |       ★ [Lectures] file | 1FHWsYdiAOs8hQvR9Bf-FKzi4om5u4J71 | L 18 Vision for the Universal Human Order v2.ppt.p
2026-06-13 10:32:59,469 | INFO    |       ★ [Lectures] file | 1o446YCQZXliO_areAgESErO73cxM7qCc | L 19 Harmony in Nature v3.ppt.pdf
2026-06-13 10:32:59,480 | INFO    |       ★ [Lectures] file | 1nljXUd0pyO5HVYecEkWlYoL6pbW8yOZ6 | L 20 Mutual Fulfilment in Nature v5.ppt.pdf
2026-06-13 10:32:59,491 | INFO    |       ★ [Lectures] file | 1Ymq14VuvL_qfk7c3jr1Kkrjk7oaYy6dz | L 21 Existence v9.ppt.pdf
2026-06-13 10:32:59,502 | INFO    |       ★ [Lectures] file | 1uulxwhZ1XeG8VLF3tLkPI1R-lwM5FIU- | L 22 Sum Up and Program v3.pptx.pdf
2026-06-13 10:32:59,512 | INFO    |       ★ [Lectures] file | 1kJ3VCnsLobwcBgjPgPMr7mD07C967kt- | L 23 Natural Acceptance of Human Values v3.ppt.pdf
2026-06-13 10:32:59,522 | INFO    |       ★ [Lectures] file | 1oRuimcOED39dSZM9E-qa6uP6ZgygbwCr | L 24 Definitiveness of (Ethical) Human Conduct v5.
2026-06-13 10:32:59,532 | INFO    |       ★ [Lectures] file | 1bAjK-gTfdEDWqfrC6o7m8L7BPsdoiBSZ | L 25 A Basis for Humane Society v4.ppt.pdf
2026-06-13 10:32:59,559 | INFO    |       ★ [Lectures] file | 1efbZZKoawpFGilapPpfY_Jx1tyAoAi6N | L 26 Holistic Development towards Humane Society -
2026-06-13 10:32:59,571 | INFO    |       ★ [Lectures] file | 1yktJDY9Vr4iLvCK4jDhCj-q3f7buNaQI | L 27 Holistic Technologies v5.ppt.pdf
2026-06-13 10:32:59,583 | INFO    |       ★ [Lectures] file | 1XIHcijhJAOxLWEyffhOoKR0jJydyyzIa | L 28 Strategies for Transition v4.ppt.pdf
2026-06-13 10:32:59,594 | INFO    |       ★ [Lectures] file | 17lpgw6iooEM9sWrK7PGLHGu7khnIjP_y | a-UHV Best Notes.pdf
2026-06-13 10:33:01,698 | INFO    |     ⤷ Expanded: Tutorials
2026-06-13 10:33:04,110 | INFO    |     ⤷ Expanded: PYQs
2026-06-13 10:33:05,502 | INFO    |     ⤷ Expanded: YouTube Resources
2026-06-13 10:33:05,818 | INFO    |       ★ [Other] file | 1IQNhyEmS09OjeqlG_kJwxVcjMGT50-cl | Course Description
2026-06-13 10:33:05,819 | INFO    |       ★ [Other] file | 1xTCummfvfHB-sgFZa6pTrl_QVDbzalOX | tut1.pdf
2026-06-13 10:33:05,819 | INFO    |       ★ [Other] file | 1Ax0_djG1UWe3iB5xWLGVFfz5d_pxEUPb | PS 1-14.pdf
2026-06-13 10:33:05,819 | INFO    |       ★ [Other] file | 147iMIaUNBvzuDsk8Aq0SRuuTQj3pKkci | tut2.pdf
2026-06-13 10:33:05,819 | INFO    |       ★ [Other] file | 19gzqfzkn4pI2dr5Qv4yLDb_gRPHnyrI7 | tut3.pdf
2026-06-13 10:33:05,819 | INFO    |       ★ [Other] file | 14dAf-5ERXvbypEDwcQU8OKBcLaZ0RyWr | tut4.pdf
2026-06-13 10:33:05,819 | INFO    |       ★ [Other] file | 1rsPrxEwDUmyYnYD87r3KudcTY7Atrzlg | tut5.pdf
2026-06-13 10:33:05,819 | INFO    |       ★ [Other] file | 1CIQoZQvyxc7R5wLs4Suxy3Y2JoqcJHlg | tut6.pdf
2026-06-13 10:33:05,819 | INFO    |       ★ [Other] file | 1nzY_edlo4IVySvRHRoAneGcVWMIzJ429 | tut7.pdf
2026-06-13 10:33:05,819 | INFO    |       ★ [Other] file | 1Jssae2Q9oxLKJblI05LJSZbKNHhu85GY | tut8.pdf
2026-06-13 10:33:05,820 | INFO    |       ★ [Other] file | 1bVBeDks4v-x5IXcV9k2B_xJq99vf-TEE | tut9.pdf
2026-06-13 10:33:05,820 | INFO    |       ★ [Other] file | 1XJSa9yCQPAfAPzqGruXL1Hk8J3EGv3Et | tut11-14.pdf
2026-06-13 10:33:05,820 | INFO    |       ★ [Other] file | 14VKhjGqqQt6ALN8hasEmL3F-Ffj-gg-_ | UHV Question Bank.pdf
2026-06-13 10:33:05,820 | INFO    |       ★ [Other] file | 1Nf0HYQXZ2hnJWy6IXl5b4hFSZH84rq-9 | Endterm 2025 (sem2).pdf
2026-06-13 10:33:05,820 | INFO    |       ★ [Other] file | 1QSagz0xppZvhDoLuxw_wAKswcxp2_ZN4 | Endterm 2025 (sem4).pdf
2026-06-13 10:33:05,820 | INFO    | 
▶ Scraping subject: Workshop Lab
2026-06-13 10:33:05,821 | INFO    |   URL: https://jiitshelf.vercel.app/material/1P1IVYdL4ERC742DaI6qQXSNDzDM-zOSn
2026-06-13 10:33:10,287 | INFO    |     ⤷ Expanded: Lectures
2026-06-13 10:33:10,312 | INFO    |       ★ [Lectures] file | 1RxxrguuY_u7mVAWshR0AD-of4tV2oUzq | a-Lab Manual (All modules).pdf
2026-06-13 10:33:10,321 | INFO    |       ★ [Lectures] file | 1co60Z2kEK4jaVfoj826-XhsuvAoKYN-_ | Engineering workshop tools .jpg
2026-06-13 10:33:10,369 | INFO    |       ★ [Other] file | 1R-QNm_5yGyBOcVhB0p8nDQyjb6ih3hbz | Course Description
2026-06-13 10:33:10,370 | INFO    | 
▶ Scraping subject: Mathematics II
2026-06-13 10:33:10,370 | INFO    |   URL: https://jiitshelf.vercel.app/material/1oVawI4lrhwjnIr64Hqs9pwafZ9zkPYQx
2026-06-13 10:33:14,823 | INFO    |     ⤷ Expanded: Lectures
2026-06-13 10:33:14,848 | INFO    |       ★ [Lectures] file | 1shc669PL2m7ZFkT9_3wfbf5VSO9IeFm4 | Lecture 2-11.pdf
2026-06-13 10:33:14,855 | INFO    |       ★ [Lectures] file | 1w572IP3jhfY_jwBnw_1j_Tb0MS1-lWoM | Lecture 12-21.pdf
2026-06-13 10:33:14,863 | INFO    |       ★ [Lectures] file | 1_oKUGqW1vnJY95UAm56F4Tyn44Ho0qYm | Lecture 22-42.pdf
2026-06-13 10:33:14,871 | INFO    |       ★ [Lectures] file | 1eLziPr4TaaJZ_xUWBxtIuebNoKTAfKyO | Notes (All modules).pdf
2026-06-13 10:33:14,882 | INFO    |       ★ [Lectures] file | 1Hjz42jzwjJJhXtR67X9rXLDr_XecmWKF | Short Notes (All modules).pdf
2026-06-13 10:33:15,934 | INFO    |     ⤷ Expanded: Tutorials
2026-06-13 10:33:17,067 | INFO    |     ⤷ Expanded: PYQs
2026-06-13 10:33:18,179 | INFO    |     ⤷ Expanded: YouTube Resources
2026-06-13 10:33:19,326 | INFO    |     ⤷ Expanded: Books
2026-06-13 10:33:19,414 | INFO    |       ★ [Other] file | 1utYgq_Ewviiq5QDDun20jjqJsEyIzjm_ | Course Description
2026-06-13 10:33:19,414 | INFO    |       ★ [Other] file | 1oEvnaaKwdfoTE-PrwtIt3k8C_TZ5pp0J | tut1.pdf
2026-06-13 10:33:19,414 | INFO    |       ★ [Other] file | 1Or2m4amgu5XYrKGLYfVBXXZWu6qhx0By | tut2.pdf
2026-06-13 10:33:19,414 | INFO    |       ★ [Other] file | 1X3HU2hqQLWLcMFo4w4CG8hLRvgF1dEd9 | tut3.pdf
2026-06-13 10:33:19,414 | INFO    |       ★ [Other] file | 1Xvi3UBgREUlHBYW9dMu_8NH9grVFCam1 | tut4.pdf
2026-06-13 10:33:19,415 | INFO    |       ★ [Other] file | 1VPpPns9uHU0stA3UzvshcZfMyItMpiW0 | tut5.pdf
2026-06-13 10:33:19,415 | INFO    |       ★ [Other] file | 1zibEDAFWEhzpHqKrK2N41RAk1s1qOEKi | tut6.pdf
2026-06-13 10:33:19,415 | INFO    |       ★ [Other] file | 16gc12lymFB6zYGd15m1KiqEFvETqxOFK | tut7.pdf
2026-06-13 10:33:19,415 | INFO    |       ★ [Other] file | 1OFG51FtyB4s2qOFnnKCZ6MSVVxUxqSpj | tut8.pdf
2026-06-13 10:33:19,415 | INFO    |       ★ [Other] file | 18-hxq4gn7_w1MDj1O8xRJzn0rteus7HY | tut9.pdf
2026-06-13 10:33:19,415 | INFO    |       ★ [Other] file | 1vSHCjK2lLny9pMO6rPNh1LAkJKibEGCQ | tut10.pdf
2026-06-13 10:33:19,415 | INFO    |       ★ [Other] file | 1DJdX4qY3eP6ttTNEzEBxq96FHOwIlKMd | tut11.pdf
2026-06-13 10:33:19,415 | INFO    |       ★ [Other] file | 1s-Sj6hQNkMxQ9tlsG37GKsVWmWgkPZg0 | tut12.pdf
2026-06-13 10:33:19,415 | INFO    |       ★ [Other] file | 1HjP4gc7zHDT-W3Ul-I360gdzlJMgFW5c | tut13.pdf
2026-06-13 10:33:19,415 | INFO    |       ★ [Other] file | 1ZEV4o-CYrMH6MfLMiAV3suWUo1H3CXZl | T1 2025.pdf
2026-06-13 10:33:19,415 | INFO    |       ★ [Other] file | 1Z4JSCYyAE1-UIy0ZG2f7hMtLxBKDNUy6 | T1 2024.pdf
2026-06-13 10:33:19,416 | INFO    |       ★ [Other] file | 1ZZUrD5ulx40qYvNovcR8t3rApgeo4GIY | T2 2025.pdf
2026-06-13 10:33:19,416 | INFO    |       ★ [Other] file | 15GJvP3M5yRSKMKdbv2QLVHg0001VZczt | T2 2022.pdf
2026-06-13 10:33:19,416 | INFO    |       ★ [Other] file | 1D2LRZWv-t23mIwS--zMhOWYMebHZ7o3D | T2 2024.pdf
2026-06-13 10:33:19,416 | INFO    |       ★ [Other] file | 14dMN3Yn0DczwV3wMOVhbbnPtc2vaC8_a | T3 2025.pdf
2026-06-13 10:33:19,416 | INFO    |       ★ [Other] file | 1GxFU_0Pid_w1JgT-c3dTOknGKfTfQX8y | T3 2024.pdf
2026-06-13 10:33:19,416 | INFO    |       ★ [Other] file | 17M16JffvBTQ0E716ntol23l74SeMApjw | B V Ramana - Higher Engineering Mathematics.pdf
2026-06-13 10:33:19,416 | INFO    | 
▶ Scraping subject: Physics Lab II
2026-06-13 10:33:19,416 | INFO    |   URL: https://jiitshelf.vercel.app/material/1SjHEF1lP3kBvT5C95lgh4hAKOgG5cj-r
2026-06-13 10:33:23,864 | INFO    |     ⤷ Expanded: Lectures
2026-06-13 10:33:23,892 | INFO    |       ★ [Lectures] file | 11RMNiSFA19kTvly9d7Hql13Ao59wmVFf | Exp 1-b.mp4
2026-06-13 10:33:23,901 | INFO    |       ★ [Lectures] file | 1SUp-hRom52G0843BGvu2XS-QYYzHQSku | Exp 2.mp4
2026-06-13 10:33:23,912 | INFO    |       ★ [Lectures] file | 1YsLWY1tSt-gt4OOHA95zu2qwG3nFd_BH | Exp 3.mp4
2026-06-13 10:33:23,922 | INFO    |       ★ [Lectures] file | 17uggwekYoIr0rcFq4022x8DGDPJJLt9f | Exp 4.mp4
2026-06-13 10:33:23,933 | INFO    |       ★ [Lectures] file | 14QKAgIS4iG12Z9EszchnW1SbVKx2eky- | Exp 5-b.mp4
2026-06-13 10:33:23,942 | INFO    |       ★ [Lectures] file | 1lQNyKme5poq3hSxh2a2e9b3rdzM7vpdL | Exp 5-a.mp4
2026-06-13 10:33:23,952 | INFO    |       ★ [Lectures] file | 1zp5eQAdPo63RSNgcE6kb-VpfxfGPpEB4 | Exp 6-a.mp4
2026-06-13 10:33:23,962 | INFO    |       ★ [Lectures] file | 1J5zqudO52iffddn96S3R7aaynJPJrIRk | Exp 6-b.mp4
2026-06-13 10:33:23,972 | INFO    |       ★ [Lectures] file | 1RFqPJ1jSs4rNUsl8uODSYPsSORHizZ2_ | Exp 7.mp4
2026-06-13 10:33:23,982 | INFO    |       ★ [Lectures] file | 1K83aTuY2KyhDgqHowPCi2SwcMCPt6zaJ | Exp 8-a.mp4
2026-06-13 10:33:23,992 | INFO    |       ★ [Lectures] file | 1JLbchvofjSC6sgOrpgBng8py5CeIrF1Y | Exp 8-b.mp4
2026-06-13 10:33:24,002 | INFO    |       ★ [Lectures] file | 12notu0nQIQJP_XiLp19S87KYw2UN18Gp | Exp 9-a.mp4
2026-06-13 10:33:24,012 | INFO    |       ★ [Lectures] file | 1RFA-EEfUQVIQe7MUT-msLrauj7RUQGau | Exp 10.mp4
2026-06-13 10:33:24,022 | INFO    |       ★ [Lectures] file | 160KAcP-0hF8y9FXzpIbf3I0Nx0AqWPLB | a-Lab Manual.pdf
2026-06-13 10:33:24,031 | INFO    |       ★ [Lectures] file | 1BexebqJW7TvGT_Lpblp1FX6bQlgkx7tE | b-How to report an experiment.pdf
2026-06-13 10:33:24,040 | INFO    |       ★ [Lectures] file | 1cJLb5EndlVutacY0jMFQ1TwKltudTabr | c-List of Virtual Lab Experiment.pdf
2026-06-13 10:33:24,049 | INFO    |       ★ [Lectures] file | 1nWhdTQMsVHwJf-Gn7uRQh7AaBHnxIMpZ | d-Virtual Lab.pdf
2026-06-13 10:33:24,091 | INFO    |       ★ [Other] file | 1pwXvRKCv0hg3OXJp09caxQU4z6SbzjZ3 | Course Description
2026-06-13 10:33:24,091 | INFO    | 
▶ Scraping subject: Physics II
2026-06-13 10:33:24,091 | INFO    |   URL: https://jiitshelf.vercel.app/material/15hXtZWMyx0wCqJDNn2sFv3-__P3wKl6N
2026-06-13 10:33:28,546 | INFO    |     ⤷ Expanded: Lectures
2026-06-13 10:33:28,572 | INFO    |       ★ [Lectures] file | 14KrokfrLzXIAGMkDXuQJLglm0KaOymDF | Module 1 - Electromagnetism.pdf
2026-06-13 10:33:28,581 | INFO    |       ★ [Lectures] file | 1BVq0TP99L2xBwG8jUgjpTXn8kiStV0ND | Module 2 - Lasers, Optical Fiber.pdf
2026-06-13 10:33:28,594 | INFO    |       ★ [Lectures] file | 1Bayl9sspoZt39f7IRuaTF9AWru2vmG-K | Module 3 - Solid State Physics.pdf
2026-06-13 10:33:28,604 | INFO    |       ★ [Lectures] file | 1aixdYEm7F-v4NMZ44RCZEbcwez9dxheK | y-FEL_semiconductor_hall effect.pdf
2026-06-13 10:33:28,614 | INFO    |       ★ [Lectures] file | 101_NTgNdYd4ekDlA27OhIRS-P2-f1Upf | z-Short notes (All modules).pdf
2026-06-13 10:33:29,708 | INFO    |     ⤷ Expanded: Tutorials
2026-06-13 10:33:30,830 | INFO    |     ⤷ Expanded: PYQs
2026-06-13 10:33:31,966 | INFO    |     ⤷ Expanded: YouTube Resources
2026-06-13 10:33:32,075 | INFO    |       ★ [Other] file | 1tDfpL_r6bd0EUCFQx7Y8xB4Y8FgaHihL | Course Description
2026-06-13 10:33:32,075 | INFO    |       ★ [Other] file | 12Ag8LkB9Zt5_FDOOUvvkhtk4TVzOp3x9 | tut1.pdf
2026-06-13 10:33:32,075 | INFO    |       ★ [Other] file | 1QkdtvUdzuFYvfYFv3sDPMq7eNNXroESE | tut2.pdf
2026-06-13 10:33:32,075 | INFO    |       ★ [Other] file | 15cv_vqxeqtn8yowRArXK_7tD3N1m9i_R | tut3.pdf
2026-06-13 10:33:32,075 | INFO    |       ★ [Other] file | 1LxTN_Y2kzBEirwwKHPPByJw3ud9C1P4f | tut4.pdf
2026-06-13 10:33:32,075 | INFO    |       ★ [Other] file | 1nWiqI8frUtHPyiOacuc7y5JI9Ov-Gu3Z | tut5.pdf
2026-06-13 10:33:32,075 | INFO    |       ★ [Other] file | 1TscgdhiXZ9I8XPkFW5IxGxXqJip9oiMg | tut6.pdf
2026-06-13 10:33:32,075 | INFO    |       ★ [Other] file | 1T5c6QtB-JlU1C_NibCSwE9qiMC-BYAlp | tut7.pdf
2026-06-13 10:33:32,076 | INFO    |       ★ [Other] file | 10Dng9yUZkE4rFIR6MY2Uj6082lXU7Bhq | tut8.pdf
2026-06-13 10:33:32,076 | INFO    |       ★ [Other] file | 1MlSNEfZq4BZ7mJOaGlEdjvyNodnHWHEI | tut9-sol.pdf
2026-06-13 10:33:32,076 | INFO    |       ★ [Other] file | 12BKAC_OMCLpHhFGjMrfnuIUTFVdYg4rL | tut9-qs.pdf
2026-06-13 10:33:32,076 | INFO    |       ★ [Other] file | 1fo-n1h89DLsg6-GTRXt_Gkx_N1Qjxta2 | tut10-sol.pdf
2026-06-13 10:33:32,076 | INFO    |       ★ [Other] file | 17AqMF_lhxR4HtGQjrXUr1OHctpoQMtcd | tut10-qs.pdf
2026-06-13 10:33:32,076 | INFO    |       ★ [Other] file | 1xgKPhM8ao13_CVn0_0RqUl75EoIzFpoF | tut11-qs.pdf
2026-06-13 10:33:32,076 | INFO    |       ★ [Other] file | 19Adz8KFKlO7dMYrJCeXQKBX8aeliWKml | T1 2025.pdf
2026-06-13 10:33:32,076 | INFO    |       ★ [Other] file | 177WZyp33in8nYIEeei8AKfz9yre0jSeZ | T1 2024.pdf
2026-06-13 10:33:32,076 | INFO    |       ★ [Other] file | 1BkqSkLVcouk4TEYAjQ25cVay9MWqkqi6 | T2 2025.pdf
2026-06-13 10:33:32,076 | INFO    |       ★ [Other] file | 1b1QqbNPUZ9YoAw4IKBZq-MffWCne-T8C | T2 2022.pdf
2026-06-13 10:33:32,076 | INFO    |       ★ [Other] file | 1qWdTfxwerjigtagZCVpdwMwTQavAioIE | T2 2024.pdf
2026-06-13 10:33:32,076 | INFO    |       ★ [Other] file | 1sVwjyuzRqbBL7nelzEcdS5qkqvA_FML5 | T3 2025.pdf
2026-06-13 10:33:32,077 | INFO    |       ★ [Other] file | 1PtCLn-tXK3HpdhwfmbJZzJfjmxLatpJU | T3 2024.pdf
2026-06-13 10:33:32,077 | INFO    | 
▶ Scraping subject: SDF Lab II
2026-06-13 10:33:32,077 | INFO    |   URL: https://jiitshelf.vercel.app/material/16jAEvsxtwSUpxgZcFs5WvxlMcGRDvHRQ
2026-06-13 10:33:36,573 | INFO    |     ⤷ Expanded: PYQs
2026-06-13 10:33:36,596 | INFO    |       ★ [PYQs] file | 1Yo614Uly7_Qa6U2zdFV160UzRrzJhudO | 
2026-06-13 10:33:36,603 | INFO    |       ★ [PYQs] file | 1CWINoqgn1UyfZZE7n_m_GspcZzHj_g9j | 
2026-06-13 10:33:36,610 | INFO    |       ★ [PYQs] file | 1Q8bfTdMHHcdWqb9gNA9vZpgMKuHGwnB6 | 
2026-06-13 10:33:36,619 | INFO    |       ★ [PYQs] file | 1V5PfiHCndmSbGNWEgZK07TMA4HL1cXrW | 
2026-06-13 10:33:36,635 | INFO    |       ★ [PYQs] file | 13cVMmvkmH51Y5T52YnD574ELn1cqLovX | 
2026-06-13 10:33:36,645 | INFO    |       ★ [PYQs] file | 19zvp0fkAwkCj0yIyKPBaqRQS-V2K0du7 | 
2026-06-13 10:33:36,654 | INFO    |       ★ [PYQs] file | 1-nTL34x-Lml_ygcZPavmAd35ZJWdMn41 | 
2026-06-13 10:33:36,666 | INFO    |       ★ [PYQs] file | 1dGXhx_d3ZuoARbhoHdtujBe-SpHMO1YZ | 
2026-06-13 10:33:36,676 | INFO    |       ★ [PYQs] file | 1Rxv_YXCYGoUSjuAwWwpy4vYxK1vB37KK | 
2026-06-13 10:33:36,687 | INFO    |       ★ [PYQs] file | 1J8Ho2u4D7FjYxY4XFvBUzRnTMAhOgDCJ | 
2026-06-13 10:33:36,698 | INFO    |       ★ [PYQs] file | 1yMiueuL-qUmrUiPTQT_v2N1AEH-ufFoJ | 
2026-06-13 10:33:36,726 | INFO    |       ★ [Other] file | 1RXzftxoMGSnlgU4xOdsdHRFPWzY85NZo | a.pdf
2026-06-13 10:33:36,726 | INFO    |       ★ [Other] file | 1JMSek2xuUjfaERDsWxxbberOvnA37iKm | b.pdf
2026-06-13 10:33:36,726 | INFO    |       ★ [Other] file | 1P-RzpRhRunzBsESqb0sKrr8NM79dpVqA | c.pdf
2026-06-13 10:33:36,726 | INFO    |       ★ [Other] file | 1p3j-0OgKj7AtZWhoY5dMqbHZwcZbTUdI | d.pdf
2026-06-13 10:33:36,726 | INFO    |       ★ [Other] file | 1ms8zdFva-IPuFVXLEhVibIJmmhCWKaqX | e.pdf
2026-06-13 10:33:36,726 | INFO    |       ★ [Other] file | 1m1CnmB0WFFS2IKBiAsUxqZAm5S5DPZWG | f.pdf
2026-06-13 10:33:36,727 | INFO    | 
▶ Scraping subject: SDF II
2026-06-13 10:33:36,727 | INFO    |   URL: https://jiitshelf.vercel.app/material/1UCg__YDlDLqeWcAKzhYbKb5ExBcIkdv2
2026-06-13 10:33:41,172 | INFO    |     ⤷ Expanded: Lectures
2026-06-13 10:33:41,194 | INFO    |       ★ [Lectures] file | 1hP0ke0ZeZ2QXyHXFOsKZ2fOW3GsrmP7q | L1.pdf
2026-06-13 10:33:41,202 | INFO    |       ★ [Lectures] file | 1MfJjTwObDw0DC1wgtg1xClM7peuNpmCZ | L2.pdf
2026-06-13 10:33:41,210 | INFO    |       ★ [Lectures] file | 1WklA1yt9jzXjWJa-OxBrcRYTbfSZBO7- | L3.pdf
2026-06-13 10:33:41,217 | INFO    |       ★ [Lectures] file | 1_EaGkSGEDPFRtRJ6bggrUTTRnMOfUdNf | L4.pdf
2026-06-13 10:33:41,233 | INFO    |       ★ [Lectures] file | 1-rRdtXfjbTSBIwfnd5ij9eMGj-zlZG4i | L5.pdf
2026-06-13 10:33:41,243 | INFO    |       ★ [Lectures] file | 14wv3R4ywxY2jBPAls4-2hfC-RLQuaNs3 | L6.pdf
2026-06-13 10:33:41,252 | INFO    |       ★ [Lectures] file | 1XDU-VyFTEZDfe-ZnVB2KkO5MSg0hiAO3 | L7.pdf
2026-06-13 10:33:41,261 | INFO    |       ★ [Lectures] file | 1Brfnqwa7Tzhl8mRMtpeWt7cWfatA1Tc6 | L8.pdf
2026-06-13 10:33:41,270 | INFO    |       ★ [Lectures] file | 1hYl1P5u_4_FUzAWEeIXpEIl3q-XlJq2p | L9.pdf
2026-06-13 10:33:41,281 | INFO    |       ★ [Lectures] file | 1gdePFQXsDU1k3LPU9HBnwWs_NmvpQQSU | L10-11.pdf
2026-06-13 10:33:41,293 | INFO    |       ★ [Lectures] file | 1WjT8PKoo-vmlJdm8-bFjdqIF81h_gbYf | L11A.pdf
2026-06-13 10:33:41,303 | INFO    |       ★ [Lectures] file | 1yfpfQKD2ZmNgUbaKmNJxSn2qrIcmNmz8 | L12-13.pdf
2026-06-13 10:33:41,314 | INFO    |       ★ [Lectures] file | 1_uz4BSOgrztCVLjyhY0IHR6ATC4zbJnR | L14.pdf
2026-06-13 10:33:41,325 | INFO    |       ★ [Lectures] file | 1RKj9PJ4LuYGtst9aYtOInJaaFDj56Dsq | L15-16.pdf
2026-06-13 10:33:41,336 | INFO    |       ★ [Lectures] file | 1F1aw66wVLN872EcqIdJe7AOMU9vy6fRx | L17.pdf
2026-06-13 10:33:41,347 | INFO    |       ★ [Lectures] file | 1vd3wPFDv3AbrnoBhPkPNTJirSdgiW5eD | L18-19.pdf
2026-06-13 10:33:41,358 | INFO    |       ★ [Lectures] file | 1AQRrqURvaDQTh-X0gIpp6il6Z9lMNgYQ | L20-21.pdf
2026-06-13 10:33:41,367 | INFO    |       ★ [Lectures] file | 13IqkgtpIO01mmYeEvQ14FmtzMJGmniE2 | L22-24.pdf
2026-06-13 10:33:41,378 | INFO    |       ★ [Lectures] file | 1728uP4C7mo3U0KHicSb23Jho11hr3Nzj | L25-27.pdf
2026-06-13 10:33:41,387 | INFO    |       ★ [Lectures] file | 1KEwciNEWsB4SnL7Q7egcRFLifC4QZXxS | L28-30.pdf
2026-06-13 10:33:41,397 | INFO    |       ★ [Lectures] file | 1QLuN7NDIqRM7ZUqwSr2ZRrN_yULXGEBi | L31-32.pdf
2026-06-13 10:33:41,410 | INFO    |       ★ [Lectures] file | 16I8ef8jSfTmI1g_4iwBJkO-HidCJ1jAY | L33-34.pdf
2026-06-13 10:33:41,421 | INFO    |       ★ [Lectures] file | 18RdkuCGJYYXvEG47CKq-BloAnPULBdLk | L35.pdf
2026-06-13 10:33:41,431 | INFO    |       ★ [Lectures] file | 1Gid48RqQafo2SF5awiWCKHx1sHDIYuSp | L36.pdf
2026-06-13 10:33:41,442 | INFO    |       ★ [Lectures] file | 1VI94bRG0UQU9N6rvd83g6NZb0lVvCA-i | L37-38.pdf
2026-06-13 10:33:41,452 | INFO    |       ★ [Lectures] file | 1HRFP4MmWCIk6Jw1zoI5WC3y9GwDnDBn2 | L39-40.pdf
2026-06-13 10:33:41,462 | INFO    |       ★ [Lectures] file | 19OqkGZO6ULbkFBLt3mCFjNy_N4lESm_L | L41-42.pdf
2026-06-13 10:33:43,516 | INFO    |     ⤷ Expanded: Tutorials
2026-06-13 10:33:45,905 | INFO    |     ⤷ Expanded: PYQs
2026-06-13 10:33:48,249 | INFO    |     ⤷ Expanded: YouTube Resources
2026-06-13 10:33:49,532 | INFO    |     ⤷ Expanded: Books
2026-06-13 10:33:49,813 | INFO    |       ★ [Other] file | 1vHXUUsicIMrhSXki4Uoctp7P8NKNOTgx | Course Description
2026-06-13 10:33:49,813 | INFO    |       ★ [Other] file | 13J_3rJjxZXgR_tOV43mlE0y6yuganbEm | tut1.pdf
2026-06-13 10:33:49,813 | INFO    |       ★ [Other] file | 1U55d4RZfX1C8yMQ0uXEme5ZQp4Uf61vW | tut2.pdf
2026-06-13 10:33:49,813 | INFO    |       ★ [Other] file | 1PjTRrc568Mqwcqq5UBnlKm19YtmB_Qk5 | tut3.pdf
2026-06-13 10:33:49,814 | INFO    |       ★ [Other] file | 1Ms0qpKv3TU2q5uAFupAfgmthq1S5-Fxi | tut4.pdf
2026-06-13 10:33:49,814 | INFO    |       ★ [Other] file | 1x5PYrkPg51VQU-qsGKE8NFSrDIEsVaYk | tut5.pdf
2026-06-13 10:33:49,814 | INFO    |       ★ [Other] file | 1XFfavIhzy_yFriaZocaXT4tsjJp2aAtq | tut6.pdf
2026-06-13 10:33:49,814 | INFO    |       ★ [Other] file | 16CMANXgBBCldsLslFjXWgnMmVrh_eDYV | tut7.pdf
2026-06-13 10:33:49,814 | INFO    |       ★ [Other] file | 1uvyyK5ouYV1GBOpa3RjqUTGrywE2gufU | tut8.pdf
2026-06-13 10:33:49,814 | INFO    |       ★ [Other] file | 1T05jwc7x0RLrXIl5E2W2lztMYwl8Nd_S | tut9.pdf
2026-06-13 10:33:49,814 | INFO    |       ★ [Other] file | 1cYOSB20lm5IGw9E5fBTNVbXlTtO3xkaK | tut10.pdf
2026-06-13 10:33:49,814 | INFO    |       ★ [Other] file | 1m_nDTC6G7Mgbky3RZrBAJNVuB7YH_Lx3 | tut11.pdf
2026-06-13 10:33:49,814 | INFO    |       ★ [Other] file | 156BvDE2x5uq7B4_Pn0Uc1MO6F9InyvMw | tut12.pdf
2026-06-13 10:33:49,814 | INFO    |       ★ [Other] file | 1HvRIug1P6kEchnz_eexf8gSxHa-PKImJ | tut13.pdf
2026-06-13 10:33:49,815 | INFO    |       ★ [Other] file | 1_jjMId8pmfxIMmr-_KEnA7-M6GkXAvu_ | b-T1 2024.pdf
2026-06-13 10:33:49,815 | INFO    |       ★ [Other] file | 1dMigqw30eCVfaDagXBhgR6ip48dsmRwW | a-T1 2025.pdf
2026-06-13 10:33:49,815 | INFO    |       ★ [Other] file | 1zfOx1OmwS9GGDB1xB_ZHWe-6pes-1FdE | f-T2 2022.pdf
2026-06-13 10:33:49,815 | INFO    |       ★ [Other] file | 1vexpRIkGw1ivUPpkyxJRjSBGh7Zmfbxa | e-T2 2023.pdf
2026-06-13 10:33:49,815 | INFO    |       ★ [Other] file | 1cXfBYec1eXxQKSKdbLhevtobdY-M2MJA | d-T2 2024.pdf
2026-06-13 10:33:49,815 | INFO    |       ★ [Other] file | 1NLgg8WeVTU5iNBybCnbZ20a5BDO5f80K | c-T2 2025.pdf
2026-06-13 10:33:49,815 | INFO    |       ★ [Other] file | 1AaYytDtTm9htlS2A7wpMlvfMrCGuhTfG | T3 2025.pdf
2026-06-13 10:33:49,815 | INFO    |       ★ [Other] file | 10VMY7k3DSwxpSy98uT7GpWeEQh1OvEBo | C++ The Complete Reference.pdf
2026-06-13 10:33:49,815 | INFO    |       ★ [Other] file | 1C2BC4a589wV4g6ZNPcDjzQ1kzqx6qkuc | Object-Oriented Programming in C++.pdf
2026-06-13 10:33:51,959 | INFO    | Browser closed
2026-06-13 10:33:51,962 | INFO    | Saved → jiit_downloads\gdrive_links.json
2026-06-13 10:33:51,963 | INFO    | 
Downloading 204 file(s) | workers=4
2026-06-13 10:37:17,034 | INFO    | ====== WebDriver manager ======
2026-06-13 10:37:17,586 | INFO    | Driver [C:\Users\JaiP\.wdm\drivers\chromedriver\win64\149.0.7827.115\chromedriver-win64/chromedriver.exe] found in cache by browser version
2026-06-13 10:37:18,213 | INFO    | Opening https://jiitshelf.vercel.app
2026-06-13 10:37:24,543 | INFO    | Selecting Branch and Semester dropdowns ...
2026-06-13 10:37:24,544 | INFO    |   Selecting 'CSE' in 'Branch' dropdown
2026-06-13 10:37:24,579 | ERROR   |     ✗ Failed: Message: no such element: Unable to locate element: {"method":"xpath","selector":"//label[normalize-space()='Branch']/following::*[self::button or @role='combobox' or contains(@class,'select') or contains(@class,'dropdown')][1]"}
  (Session info: chrome=149.0.7827.103); For documentation on this error, please visit: https://www.selenium.dev/documentation/webdriver/troubleshooting/errors#nosuchelementexception
Stacktrace:
	chromedriver!GetHandleVerifier [0x7ff6dad8fd95+15395]
	chromedriver!GetHandleVerifier [0x7ff6dad8fdf0+153f0]
	chromedriver!(No symbol) [0x7ff6da8c78fd]
	chromedriver!(No symbol) [0x7ff6da921479]
	chromedriver!(No symbol) [0x7ff6da92177c]
	chromedriver!(No symbol) [0x7ff6da971ef7]
	chromedriver!(No symbol) [0x7ff6da96eaeb]
	chromedriver!(No symbol) [0x7ff6da913a58]
	chromedriver!(No symbol) [0x7ff6da914953]
	chromedriver!GetHandleVerifier [0x7ff6db355511+5dab11]
	chromedriver!GetHandleVerifier [0x7ff6db34f8fb+5d4efb]
	chromedriver!GetHandleVerifier [0x7ff6db373205+5f8805]
	chromedriver!GetHandleVerifier [0x7ff6dadacc6e+3226e]
	chromedriver!GetHandleVerifier [0x7ff6dadb562c+3ac2c]
	chromedriver!GetHandleVerifier [0x7ff6dad99984+1ef84]
	chromedriver!GetHandleVerifier [0x7ff6dad99b14+1f114]
	chromedriver!GetHandleVerifier [0x7ff6dad7ca77+2077]
	KERNEL32!BaseThreadInitThunk [0x7ffd4f8ee957+17]
	ntdll!RtlUserThreadStart [0x7ffd501e7c1c+2c]

2026-06-13 10:37:25,780 | INFO    |   Selecting '3' in 'Semester' dropdown
2026-06-13 10:37:25,794 | ERROR   |     ✗ Failed: Message: no such element: Unable to locate element: {"method":"xpath","selector":"//label[normalize-space()='Semester']/following::*[self::button or @role='combobox' or contains(@class,'select') or contains(@class,'dropdown')][1]"}
  (Session info: chrome=149.0.7827.103); For documentation on this error, please visit: https://www.selenium.dev/documentation/webdriver/troubleshooting/errors#nosuchelementexception
Stacktrace:
	chromedriver!GetHandleVerifier [0x7ff6dad8fd95+15395]
	chromedriver!GetHandleVerifier [0x7ff6dad8fdf0+153f0]
	chromedriver!(No symbol) [0x7ff6da8c78fd]
	chromedriver!(No symbol) [0x7ff6da921479]
	chromedriver!(No symbol) [0x7ff6da92177c]
	chromedriver!(No symbol) [0x7ff6da971ef7]
	chromedriver!(No symbol) [0x7ff6da96eaeb]
	chromedriver!(No symbol) [0x7ff6da913a58]
	chromedriver!(No symbol) [0x7ff6da914953]
	chromedriver!GetHandleVerifier [0x7ff6db355511+5dab11]
	chromedriver!GetHandleVerifier [0x7ff6db34f8fb+5d4efb]
	chromedriver!GetHandleVerifier [0x7ff6db373205+5f8805]
	chromedriver!GetHandleVerifier [0x7ff6dadacc6e+3226e]
	chromedriver!GetHandleVerifier [0x7ff6dadb562c+3ac2c]
	chromedriver!GetHandleVerifier [0x7ff6dad99984+1ef84]
	chromedriver!GetHandleVerifier [0x7ff6dad99b14+1f114]
	chromedriver!GetHandleVerifier [0x7ff6dad7ca77+2077]
	KERNEL32!BaseThreadInitThunk [0x7ffd4f8ee957+17]
	ntdll!RtlUserThreadStart [0x7ffd501e7c1c+2c]

2026-06-13 10:37:26,594 | INFO    | Clicking 'View Subjects'
2026-06-13 10:37:29,658 | INFO    |   ✓ At: https://jiitshelf.vercel.app/
2026-06-13 10:37:29,658 | INFO    | Collecting all subjects on the page ...
2026-06-13 10:37:34,227 | INFO    |   Found 9 'View Material' buttons
2026-06-13 10:37:36,987 | INFO    |     [1] Mathematical Foundations for AI and DS (25B11MA213) → https://jiitshelf.vercel.app/material/11xtZTlrVLc-KcA-R1jEn3x6Qn-W1V3SB
2026-06-13 10:37:41,746 | INFO    |     [2] OOP using Java Lab (24B15CS215) → https://jiitshelf.vercel.app/material/1jPmMcqhnjzvmZt9AJ-XiX14Vh74V_rNj
2026-06-13 10:37:46,514 | INFO    |     [3] Unix Programming Lab (24B15CS214) → https://jiitshelf.vercel.app/material/1qNm6fY3LbHtaTSPifr4NylTnZXBx3oVE
2026-06-13 10:37:51,293 | INFO    |     [4] Database Management Systems Lab (24B15CS213) → https://jiitshelf.vercel.app/material/1sAdm64mx7t45yekWIaEM6yNu4h_DS0Nr
2026-06-13 10:37:56,077 | INFO    |     [5] Database Management Systems (24B11CS213) → https://jiitshelf.vercel.app/material/1H-VFWPXmJzvLf3mwIC7MINiVcMnGQNYH
2026-06-13 10:38:00,863 | INFO    |     [6] Theory of Computation (24B11CS212) → https://jiitshelf.vercel.app/material/1jwmX5rJiOsMgXwte_tdP4XGg4-Kdpe1b
2026-06-13 10:38:05,627 | INFO    |     [7] Economics (15B11HS211) → https://jiitshelf.vercel.app/material/1qiwaNyuQqGDGdVjBqBThYLfa6L7XzjsR
2026-06-13 10:38:10,402 | INFO    |     [8] Data Structures Lab (15B17CI371) → https://jiitshelf.vercel.app/material/1G1vo7ZJRtUr6Ovi4QSVCTHihlxRzTT60
2026-06-13 10:38:15,194 | INFO    |     [9] Data Structures (15B11CI311) → https://jiitshelf.vercel.app/material/13o3VqbtxzLxWzvAoSGE2Xx6IHdo5fGkh
2026-06-13 10:38:17,202 | INFO    |   ✓ Collected 9 subjects
2026-06-13 10:38:17,203 | INFO    | Saved → jiit_downloads\subjects.json
2026-06-13 10:38:17,203 | INFO    | 
▶ Scraping subject: Mathematical Foundations for AI and DS
2026-06-13 10:38:17,204 | INFO    |   URL: https://jiitshelf.vercel.app/material/11xtZTlrVLc-KcA-R1jEn3x6Qn-W1V3SB
2026-06-13 10:38:21,716 | INFO    |     ⤷ Expanded: Lectures
2026-06-13 10:38:21,781 | INFO    |       ★ [Lectures] file | 17ipW1D8CFQIkp9vmv43hzxqrc1GsBAmH | Lec-1_ Introduction.pdf
2026-06-13 10:38:21,806 | INFO    |       ★ [Lectures] file | 1nbBgiGXVTCfA8v8srUezxkvLhM1vRsFM | Lec-2_ Basics of Probability (AI DS).pdf
2026-06-13 10:38:21,831 | INFO    |       ★ [Lectures] file | 1PH0OxgqrkzgDYrLSWeBTcZ2MECTDMnKb | Lec-3_ Conditional Probability.pdf
2026-06-13 10:38:21,842 | INFO    |       ★ [Lectures] file | 104py2UawhmuYdyo8-dF2O0LPU944ZLCr | Lec-4_PRP_ Bayes Theorem.pdf
2026-06-13 10:38:21,853 | INFO    |       ★ [Lectures] file | 1Gvjeygd34edu0HUqhy1ji6sYPo3r2sb9 | Lec-5_Random Variable _1D_Math. Foun. AI DS.pdf
2026-06-13 10:38:21,864 | INFO    |       ★ [Lectures] file | 1qojElcI_LmiH6dgoQkzARXL0Z0fc3pRd | Lec-6_continuous RV_Math. Foun. AI DS.pdf
2026-06-13 10:38:21,875 | INFO    |       ★ [Lectures] file | 1fPGi-4Y7eso1tqITyAFkvCSsEKd8l1x2 | Lec-7_mean n bivariate_Math. Foun. AI DS.pdf
2026-06-13 10:38:21,887 | INFO    |       ★ [Lectures] file | 1c8eiDotsUKDAqTQg6a423wfeh5QiL8L1 | Lec-8_CONDITIONAL AND MARGINAL_Math. Foun. AI DS (
2026-06-13 10:38:21,898 | INFO    |       ★ [Lectures] file | 1zQizwE2yEoHI_ZYayavT31Z07gELCUbQ | Lec-9_ AI_DS (1).pdf
2026-06-13 10:38:21,922 | INFO    |       ★ [Lectures] file | 1D2f8-ZPf7O_1rzd8dniHAYatdW9i9TaB | Lec-10_Binomial Distribution_AI DS.pdf
2026-06-13 10:38:21,933 | INFO    |       ★ [Lectures] file | 1Aa-fIu0qbgACqYV336SPGsgBuMPKYRlY | Lec-11_Poisson dist_AI DS.pdf
2026-06-13 10:38:21,944 | INFO    |       ★ [Lectures] file | 1yTlLtmfc4KMLhY2BEljdb5TpizIiVs3j | Lec-12_Normal Distribution Foun. AI DS (1).pdf
2026-06-13 10:38:21,971 | INFO    |       ★ [Lectures] file | 1pmFg6W4PTTKTULfdb-sxHs7367zIa9cF | Lec-13_ Moments and MGF MFAIDS.pdf
2026-06-13 10:38:21,982 | INFO    |       ★ [Lectures] file | 1894xXg7gMOejPCK7fLrJuaEFpJrguASS | L-14_Central Limit Theorem_MFAIDS.pdf
2026-06-13 10:38:21,992 | INFO    |       ★ [Lectures] file | 19Mmw8bF1A_5bj5Pbuw_7p55uiTFw9Gx2 | Lec-15.pdf
2026-06-13 10:38:22,002 | INFO    |       ★ [Lectures] file | 1SPp5czz5hU2Rr6ACmQkYeq3boTkt3pwZ | L-16_Regression_Least Square Method_MFAIDS.pdf
2026-06-13 10:38:22,018 | INFO    |       ★ [Lectures] file | 1-D8s5EOrxZl75FWiTeoSPOtGGQSGRtol | L-17_Regression and its properties_MFAIDS.pdf
2026-06-13 10:38:22,032 | INFO    |       ★ [Lectures] file | 106o8nMk2NkUX87mrB00RI2cIk0y2Zhz- | Lec 18_Algebraic Structures - MFAIDS (1).pdf
2026-06-13 10:38:22,045 | INFO    |       ★ [Lectures] file | 1qOCW4jCHsGiCcUL9LFGBnPojed3DZBWn | Lec 19_Vector Space_MFAIDS.pdf
2026-06-13 10:38:22,057 | INFO    |       ★ [Lectures] file | 1asFuNf519Wk-T3LFfx3W_Y3QcjRVhEE- | Lec-20_Vector Subspace_MFAIDS.pdf
2026-06-13 10:38:22,068 | INFO    |       ★ [Lectures] file | 12C4dWLoawMTsc1DE3pgsgNYIvauLtwmd | Lec-21_Dimension and Basis_MFAIDS.pdf
2026-06-13 10:38:22,079 | INFO    |       ★ [Lectures] file | 1ySKDHLy1a3dTP92wJsFVBdPhG4Z1NVzg | L-22_Linear Transformations_MFAIDS.pdf
2026-06-13 10:38:22,089 | INFO    |       ★ [Lectures] file | 1z1mDlaH7mZax1rAL9iUOfH1LxJD7U8HB | Lec23_Matrix representation (1).pdf
2026-06-13 10:38:22,100 | INFO    |       ★ [Lectures] file | 1bRyfbHU8pIVBDo6C6SZMChTHv5ynEyZF | Lec-24_Rank_Nullity_MFAIDS.pdf
2026-06-13 10:38:22,111 | INFO    |       ★ [Lectures] file | 1VASQbKfPy-y017GfW1zgsRAtQImHIlks | Lec25_26_IPS_Norms.pdf
2026-06-13 10:38:22,122 | INFO    |       ★ [Lectures] file | 1OiVAo3MX7IxSkrNU0sy0k_b97slDRaKh | Lec 27-28 _MFAIDS.pdf
2026-06-13 10:38:22,133 | INFO    |       ★ [Lectures] file | 1Ca9MPdBeK07DZg64OKNX4My4yc1bTeqF | Lecture-29_30_Singular Value Decomposition_MFAIDS.
2026-06-13 10:38:22,158 | INFO    |       ★ [Lectures] file | 1HGNwlanLryB-b2f-0PVff57Cn1RYoJIt | Lec-31_ INtroduction to LPP and Graphical method.p
2026-06-13 10:38:22,174 | INFO    |       ★ [Lectures] file | 1hvGnN2BnmaWaitXx72wvScfrNVF4PEtC | Lecture-32-33 Simplex Method (1) (1).pdf
2026-06-13 10:38:22,185 | INFO    |       ★ [Lectures] file | 1Td6AwoJXJhp5chFk8oeBObyEEeKtyU3- | Lec-34_Duality.pdf
2026-06-13 10:38:22,195 | INFO    |       ★ [Lectures] file | 1rL01Ky6c2m9zy6UQ1L386A0DruNV455u | Lec-35_Convex_set_Convex_function_MFAIDS (1).pdf
2026-06-13 10:38:22,206 | INFO    |       ★ [Lectures] file | 1Do72pvNNk-Qm0fYtNKpMwb7JVPsP1F3X | Lec-36_Hessian_Matrix_MFAIDS (1).pdf
2026-06-13 10:38:22,216 | INFO    |       ★ [Lectures] file | 1J7sSjb2SCEF189GPAtDBXwPV-yIidMwB | Lecture-37_NLPP_Lagrange method_MFAIDS.pdf
2026-06-13 10:38:22,226 | INFO    |       ★ [Lectures] file | 1cRLngHO5qpt-fgSB7idDVpi0hwdXice0 | Lec-38.pdf
2026-06-13 10:38:24,311 | INFO    |     ⤷ Expanded: Tutorials
2026-06-13 10:38:26,709 | INFO    |     ⤷ Expanded: PYQs
2026-06-13 10:38:28,041 | INFO    |     ⤷ Expanded: YouTube Resources
2026-06-13 10:38:29,450 | INFO    |     ⤷ Expanded: Books
2026-06-13 10:38:29,737 | INFO    |       ★ [Other] file | 1-OBcZyzsKAk-vTksKyWK5Dnuj0bb0oAs | Course Description
2026-06-13 10:38:29,738 | INFO    |       ★ [Other] file | 1aO2ljBflkWCjSmDMnuf4eGqDOIPnFkou | Tut 1_Math. Foun. AI & DS.pdf
2026-06-13 10:38:29,738 | INFO    |       ★ [Other] file | 1xLa80msymlMXQFFZehOB7WEdr-xFrl3v | Tut 2_Math. Foun. AI & DS.pdf
2026-06-13 10:38:29,738 | INFO    |       ★ [Other] file | 1U4utTbfMfmKpD8hzKHP8O-5oRxA6xtgM | Tut 3_ Math. Foun. AI & DS.pdf
2026-06-13 10:38:29,738 | INFO    |       ★ [Other] file | 17zSgzRr3orZgdnoYu18l9VyEbXRIRaN4 | Tut 4_MFAIDS.pdf
2026-06-13 10:38:29,738 | INFO    |       ★ [Other] file | 1ukghUg0JT6u-y6HDZy35ySTTgk2mT_yt | Tut 5_Normal Table.pdf
2026-06-13 10:38:29,739 | INFO    |       ★ [Other] file | 1UjqfBSg0RmLHt3vkLy1dFIPnHWY6J_XY | Tut 5_AI_DS.pdf
2026-06-13 10:38:29,739 | INFO    |       ★ [Other] file | 12WSLcvZ-s4-pUKI4qtrNoheMQrKiVV3v | Tut 6_MFAIDS.pdf
2026-06-13 10:38:29,739 | INFO    |       ★ [Other] file | 16Vk4Kl_wqxluif-gnAtkQjjDk90Lt7i- | Tut 7_Math. Foun. AI & DS.pdf
2026-06-13 10:38:29,739 | INFO    |       ★ [Other] file | 1OZaz_KdzjvO8TzQFJ_KMhFEyanSP0LYp | Tut 8.pdf
2026-06-13 10:38:29,739 | INFO    |       ★ [Other] file | 1R2-MkmQkJmn8i4VwC4Cd6biXhAygqGkO | Tut 9_Math. Foun. AI & DS.pdf
2026-06-13 10:38:29,739 | INFO    |       ★ [Other] file | 17H_YgdJ11bqCGWTShTK2LL431WvElezM | MFAIDS_T1
2026-06-13 10:38:29,739 | INFO    |       ★ [Other] file | 1z0cS0EfbaFvMFH6n02RAHlCV1VJcBP74 | MFAIDS_T2
2026-06-13 10:38:29,740 | INFO    |       ★ [Other] file | 12ny7TbU_hY4jUSbyRtSFkzr0GbWaYuEN | MFAIDS_T3
2026-06-13 10:38:29,740 | INFO    | 
▶ Scraping subject: OOP using Java Lab
2026-06-13 10:38:29,740 | INFO    |   URL: https://jiitshelf.vercel.app/material/1jPmMcqhnjzvmZt9AJ-XiX14Vh74V_rNj
2026-06-13 10:38:34,159 | INFO    |     ⤷ Expanded: Lectures
2026-06-13 10:38:34,179 | INFO    |       ★ [Lectures] file | 1ep5h84_VEp2BiHP79LfRVu-XkVTu5-2v | Lab Plan.pdf
2026-06-13 10:38:35,227 | INFO    |     ⤷ Expanded: PYQs
2026-06-13 10:38:35,272 | INFO    |       ★ [Other] file | 1vsjG0I_nRfwvYVpcWx6omZWLx6wD99fK | Assignment 1 and 2.pdf
2026-06-13 10:38:35,272 | INFO    |       ★ [Other] file | 15Ex48XO2o9j3KeaXEpBBY6nrBBD9LQ94 | Solution for 3rd and 4th.pdf
2026-06-13 10:38:35,272 | INFO    |       ★ [Other] file | 1_N_pxfmr7zpYEpaEyValFtNL_MRr53XN | Assignment 3 and 4.pdf
2026-06-13 10:38:35,272 | INFO    |       ★ [Other] file | 1xiUDVj7zSfepFRtKOOxKVJP77Jx7nN6Y | Preliminary Notes Before Doing Experiment 3 and 4.
2026-06-13 10:38:35,273 | INFO    |       ★ [Other] file | 19Ech3bZQtK-2s70aIefGppAas5phwAR7 | Assignment 5.pdf
2026-06-13 10:38:35,273 | INFO    |       ★ [Other] file | 1ZNNVxg-HUfFcfIPg_gfakIWZ_uRO22wr | Preliminary Notes Before Attempting Lab Experiment
2026-06-13 10:38:35,273 | INFO    |       ★ [Other] file | 1mC2sQnRDI8I4f8NSODLFqyK6XBg6DkuJ | Assignment 6.pdf
2026-06-13 10:38:35,273 | INFO    |       ★ [Other] file | 1c5wggjJD5UiWZfbmGrOI0ZTnD_V81GBh | Preliminary Notes Before Attempting Lab Experiment
2026-06-13 10:38:35,273 | INFO    |       ★ [Other] file | 1I-JNVchlL67yCtwVIdOviaIKoXEtdTQM | Lab Assignment 7.pdf
2026-06-13 10:38:35,273 | INFO    |       ★ [Other] file | 1FBcbn_45jlvp_Ng4rE8VxFTYDUy_ZbcH | Preliminary Notes Before Attempting Lab Experiment
2026-06-13 10:38:35,273 | INFO    |       ★ [Other] file | 1FUsd60TlHHWKBjSklwilHWAw1Mkfv_gq | Lab Assignment 8.pdf
2026-06-13 10:38:35,273 | INFO    |       ★ [Other] file | 1jeno7jbFuPg2IlUf498wlA-TAS8IQelq | Preliminary Notes Before Attempting Lab Experiment
2026-06-13 10:38:35,273 | INFO    |       ★ [Other] file | 1jGXv6Yfee_2gUI4_FD6zcODfBp9wJHht | Assignment 9.pdf
2026-06-13 10:38:35,273 | INFO    |       ★ [Other] file | 1Sks8a3s5USF98zbpyyzDAuIWcFK_7RDt | Preliminary Notes Before Attempting Lab Experiment
2026-06-13 10:38:35,273 | INFO    |       ★ [Other] file | 1S4RwGDIDge-coqdj4s88K5Owm_8MfkAh | LabAssignment10.pdf
2026-06-13 10:38:35,274 | INFO    |       ★ [Other] file | 1sxDHd8Hk9ZQ9lXo1yGXqNINiyQpF3jnO | Preliminary Notes Before Attempting Lab Experiment
2026-06-13 10:38:35,274 | INFO    |       ★ [Other] file | 14qDRwMqqF8p0fer4bzx0TX1LyHo913aN | Assignment11.pdf
2026-06-13 10:38:35,274 | INFO    |       ★ [Other] file | 1xFin_lJKDR_ZJ204RZxd8Z5BUkG1gQKW | Assignment12.pdf
2026-06-13 10:38:35,274 | INFO    |       ★ [Other] file | 1Dna7a7E-RZEfCfOuqN-63TitAtczoltB | Preliminary Notes Before Attempting Lab Experiment
2026-06-13 10:38:35,274 | INFO    |       ★ [Other] file | 13jEuszHtA65im3KkZs0O_nZq6avqJ8Ta | Lab Assignment 13.pdf
2026-06-13 10:38:35,274 | INFO    |       ★ [Other] file | 1v3_Nw2TsQHFFTj6xVkLHE3CWAiNFQ5Id | Lab Assignment 14.pdf
2026-06-13 10:38:35,274 | INFO    |       ★ [Other] file | 1nZMfksnPg9_K9_bF3PWDgWMUaWnvLF9- | Lab Test 1-Tuesday-Batch - B9, B10.pdf
2026-06-13 10:38:35,274 | INFO    |       ★ [Other] file | 198nrEXIWHrrLcXid5qom5Oe2yRw5hIa0 | Lab eval 1.pdf
2026-06-13 10:38:35,275 | INFO    | 
▶ Scraping subject: Unix Programming Lab
2026-06-13 10:38:35,275 | INFO    |   URL: https://jiitshelf.vercel.app/material/1qNm6fY3LbHtaTSPifr4NylTnZXBx3oVE
2026-06-13 10:38:39,697 | INFO    |     ⤷ Expanded: Lectures
2026-06-13 10:38:39,718 | INFO    |       ★ [Lectures] file | 1CgIvfcTKsY69fsoF641_X5tLyrD6684F | Lecture-1 UNIX Operating System.pdf
2026-06-13 10:38:39,726 | INFO    |       ★ [Lectures] file | 14E63gpYxZ9oM0AYY3KK-TQB_DhzGdLnM | Lect-2 pt 3.pdf
2026-06-13 10:38:39,735 | INFO    |       ★ [Lectures] file | 1AnCMO24ttZAO3P2ygYt_LC40-Dfx9QwW | Lect-2 pt 2.pdf
2026-06-13 10:38:39,742 | INFO    |       ★ [Lectures] file | 1IQAD8o-RkSmnl8Q4n1BOJVmX1KOrWgrx | Lect-2 Introduction to Unix and commands.pdf
2026-06-13 10:38:39,751 | INFO    |       ★ [Lectures] file | 1-XexYYxCBzUIM1Ack3wmbk9La2y-LweL | Lect3-Unix.pdf
2026-06-13 10:38:39,758 | INFO    |       ★ [Lectures] file | 1YbzaooXckRL_dgBUpdGHSm8pYIhQyUo0 | Lect4-Unix.pdf
2026-06-13 10:38:39,766 | INFO    |       ★ [Lectures] file | 19JRM9EncGoKnQS37uM8mN7fC718z6YNd | Lecture-5 Unix_Pipes_Processes.pptx.pdf
2026-06-13 10:38:39,773 | INFO    |       ★ [Lectures] file | 1bCZSdju3QcVYJcxCGinnI6RF_40QPzpO | Lect-6-Shell scripting basics.pdf
2026-06-13 10:38:39,782 | INFO    |       ★ [Lectures] file | 1NURSSbmtwYmYUJOR6kA9k4K-XiIdrzot | Lec 7 loops and desicions.pdf
2026-06-13 10:38:39,791 | INFO    |       ★ [Lectures] file | 1gixwriHjY9D-1AiZqbbQXmr6PhWmfsLw | Lec 8-Arrays and Functions.pdf
2026-06-13 10:38:39,798 | INFO    |       ★ [Lectures] file | 1OgG3m2n6p-OuPMj-pipSNL0Cu5Optvpc | Lecture 9-Unix.pdf
2026-06-13 10:38:39,809 | INFO    |       ★ [Lectures] file | 1SuaIPaH1qrIFoBqXNu9F6I8r1rvmrtmI | LEC 10 File Handling & Automation.pdf
2026-06-13 10:38:39,817 | INFO    |       ★ [Lectures] file | 1gOInUyC-rNjTE4MvhQjwNMJZ_MDUhQzE | Lec 11 Shell Scripting advanced topics.pptm.pdf
2026-06-13 10:38:39,824 | INFO    |       ★ [Lectures] file | 1R6Zgf6Y6ew_oWR7akCqShWK7Y2b0Gmr1 | Lect-12-Unix_Programming_Standard_IO.pdf
2026-06-13 10:38:39,834 | INFO    |       ★ [Lectures] file | 1BF24AJkhaOsCTYkY5Bb4oh8t9qe4A8TB | Lecture 14-Unix.pdf
2026-06-13 10:38:40,895 | INFO    |     ⤷ Expanded: PYQs
2026-06-13 10:38:42,068 | INFO    |     ⤷ Expanded: YouTube Resources
2026-06-13 10:38:43,239 | INFO    |     ⤷ Expanded: Books
2026-06-13 10:38:43,374 | INFO    |       ★ [Other] file | 13ghr8YvAbmlZJR0WH18W2p7uUzhRPfaK | Course Description
2026-06-13 10:38:43,374 | INFO    |       ★ [Other] file | 1I12Xzk3Wgu593Qf_IQ7LXT0S0oTFzMR9 | Lab Assignment#01.pdf
2026-06-13 10:38:43,374 | INFO    |       ★ [Other] file | 1Rce7XRH7zs3-n8g1bY7XY0y_TUsyF0MB | Lab Assignment#02.pdf
2026-06-13 10:38:43,374 | INFO    |       ★ [Other] file | 1sE2anuXpjaafMDIxJkn6ZI3eGLd3Vo2I | Lab Assignment#03.pdf
2026-06-13 10:38:43,374 | INFO    |       ★ [Other] file | 11oQqK13eajGGP4WsfAZZwG7KOkToeasJ | Assignment#04.pdf
2026-06-13 10:38:43,375 | INFO    |       ★ [Other] file | 1vePsionbBEpdUeDUgUtD07MmaRAeNPUM | Assignment#05.pdf
2026-06-13 10:38:43,375 | INFO    |       ★ [Other] file | 1XtYzK-xDo2FuDFoY5FpCxgCR7KN09lar | Assignment#06.pdf
2026-06-13 10:38:43,375 | INFO    |       ★ [Other] file | 1fGSMX_i0_g8z3HDW_LWzrimR0EqG4p7U | Assignment#7.pdf
2026-06-13 10:38:43,375 | INFO    |       ★ [Other] file | 1wpxpMiroXnhDtUP1pAybtdc2BwbShXwg | Assignment#08.pdf
2026-06-13 10:38:43,375 | INFO    |       ★ [Other] file | 1gV5o9yfga1lankexbVqFkrvLvxVXZmQn | Assignment#09.pdf
2026-06-13 10:38:43,375 | INFO    |       ★ [Other] file | 1Np0m3ZsOv33ZLV0x74tH2evl2ZbF7QLO | Assignment#10.pdf
2026-06-13 10:38:43,375 | INFO    |       ★ [Other] file | 1w2AHVuKW8pl8A_Zdt74C9fvRxD2cP9TJ | Assignment#11.pdf
2026-06-13 10:38:43,375 | INFO    |       ★ [Other] file | 1J-MXUelcRpcFkeBXryM5cnJtGazVEEW_ | UNIX question bank imp.pdf
2026-06-13 10:38:43,375 | INFO    |       ★ [Other] file | 1503jvYZVcy-uTRxujQrTlT3UhMGPQsAb | Eval#01 (Wed 2-4pm).pdf
2026-06-13 10:38:43,375 | INFO    |       ★ [Other] file | 1tkPOnbuiCzLNV1X3ofuUgYel3rKJC5Je | Midterm exam Wed(2-4pm).pdf
2026-06-13 10:38:43,375 | INFO    |       ★ [Other] file | 1H2Jeo5ZXzSM5CLdf0i7yFJ1zJeHM5HTU | Midterm exam Wed(2-4pm) system log.pdf
2026-06-13 10:38:43,375 | INFO    |       ★ [Other] file | 1sX4Jdexen7SBNAFDM9UHyQ9wYCZ7pQbR | UNIX_ENDTERM
2026-06-13 10:38:43,376 | INFO    | 
▶ Scraping subject: Database Management Systems Lab
2026-06-13 10:38:43,376 | INFO    |   URL: https://jiitshelf.vercel.app/material/1sAdm64mx7t45yekWIaEM6yNu4h_DS0Nr
2026-06-13 10:38:47,804 | INFO    |     ⤷ Expanded: Lectures
2026-06-13 10:38:48,877 | INFO    |     ⤷ Expanded: PYQs
2026-06-13 10:38:48,919 | INFO    |       ★ [Other] file | 1opLvNfvHoZJca3kgI6xZAuVKyoVk_I9N | Assignment 1.pdf
2026-06-13 10:38:48,919 | INFO    |       ★ [Other] file | 1ONlJMhjMXJR4Om4NtKSL3WrfmUZyPoTW | Assignment 2.pdf
2026-06-13 10:38:48,919 | INFO    |       ★ [Other] file | 1g_AGswjP-Jsk96UKXWQ9EJn2i5RQP_PC | Assignment 3.pdf
2026-06-13 10:38:48,920 | INFO    |       ★ [Other] file | 1bwlHvda__eKsp4CdjqoPiqQnsTQclKdy | Assignment 5.pdf
2026-06-13 10:38:48,920 | INFO    |       ★ [Other] file | 1CLZvuHsQS5aCO3pfq7YiXAVW7LeupQEb | Assignment 6.pdf
2026-06-13 10:38:48,920 | INFO    |       ★ [Other] file | 1ozzUIGf24D8lySqiAPo4anUP2LkJQtT3 | Assignment 8.pdf
2026-06-13 10:38:48,920 | INFO    |       ★ [Other] file | 1PubsrzCgYYT8yziNHWD896yQLRjpXtCV | Assignment 9.pdf
2026-06-13 10:38:48,920 | INFO    |       ★ [Other] file | 17XVt3_buu5fIUWPcoOUxDpjdn9Evw5_0 | DBMS Lab Test-1.pdf
2026-06-13 10:38:48,920 | INFO    |       ★ [Other] file | 1DAIu11PEk4CM0e_647P_WNsDH6JGBvq8 | LabEval-1-Friday.pdf
2026-06-13 10:38:48,920 | INFO    |       ★ [Other] file | 1FgZnBcOXNCu2UxNN4wGDzQx-QIEf_4Kf | Lab-Test-2.pdf
2026-06-13 10:38:48,920 | INFO    |       ★ [Other] file | 1Me_fBhESDIE3YGHseKkVWPDDTtCQ3Tzz | EVAL-II fri3-5.pdf
2026-06-13 10:38:48,921 | INFO    | 
▶ Scraping subject: Database Management Systems
2026-06-13 10:38:48,921 | INFO    |   URL: https://jiitshelf.vercel.app/material/1H-VFWPXmJzvLf3mwIC7MINiVcMnGQNYH
2026-06-13 10:38:53,362 | INFO    |     ⤷ Expanded: Lectures
2026-06-13 10:38:53,387 | INFO    |       ★ [Lectures] file | 1If2cVoHp2G_2AR_re7ZkHQl_ZBdZtMLS | Lecture 1.pdf
2026-06-13 10:38:53,396 | INFO    |       ★ [Lectures] file | 1PBfjcDYOdGuuNhK3tefPSGurNbZLBX6I | Lecture 2.pdf
2026-06-13 10:38:53,405 | INFO    |       ★ [Lectures] file | 1FdVWZ1hE7lGicCjLd40h_6WOkfSM6Rou | Lecture 3 and 4 (SQL).pdf
2026-06-13 10:38:53,416 | INFO    |       ★ [Lectures] file | 1vY0Lkz6IHrhqwd49hJuwJL26_b7JvDsY | Lecture 5(SQL joins).pdf
2026-06-13 10:38:53,426 | INFO    |       ★ [Lectures] file | 1jzcErFK9jYO3ofvsHRAG1hypqIkQpJYE | Lecture 6(SQL join Practice).pdf
2026-06-13 10:38:53,435 | INFO    |       ★ [Lectures] file | 1_g1H7QzI5y49XVZWRKSy8hT_S7HlLhlZ | Lecture 7(Nested Queries).pdf
2026-06-13 10:38:53,443 | INFO    |       ★ [Lectures] file | 1J1ZiavQ6722yEi1798rC_SO2i0BOmAmv | Lecture 8 (Nested Queries Practice).pdf
2026-06-13 10:38:53,451 | INFO    |       ★ [Lectures] file | 18ZtiflWOQWqZEipP5B8IIO8ltuD1GTEg | L9 ER Modeling.pdf
2026-06-13 10:38:53,460 | INFO    |       ★ [Lectures] file | 1kDBhRJu65fwr1-gbPBUonJh7yR4qw-hr | L10 ER Modelling.pdf
2026-06-13 10:38:53,469 | INFO    |       ★ [Lectures] file | 1YTnyTj215g0aHwITz8ztd_KY5wz8MA_O | L-11 ER Model Practice.pdf
2026-06-13 10:38:53,476 | INFO    |       ★ [Lectures] file | 1a3eVQkfD_S892aISicdiKE82mzxJ9DKh | L12 ER to Relational Model.pdf
2026-06-13 10:38:53,485 | INFO    |       ★ [Lectures] file | 1Ct2hLI4E715UvSkSIfCUkGhtuV-2DqXN | L13 EER Medel.pdf
2026-06-13 10:38:53,493 | INFO    |       ★ [Lectures] file | 1j7QI5FJvU2_LFRc9U7bZLrgwG0EtKDWN | L14 Practice on EER and Relational Mapping.pdf
2026-06-13 10:38:53,502 | INFO    |       ★ [Lectures] file | 1BoaXogfrbxPQp9zrki8n7G06T6prFaaM | Lecture 15-Relational Algebra-I.pdf
2026-06-13 10:38:53,512 | INFO    |       ★ [Lectures] file | 1Vna9ntjwb-g1ZyCTBu8OvLKb9KW8ftE4 | Lecture 16-Relational Algebra-II.pdf
2026-06-13 10:38:53,521 | INFO    |       ★ [Lectures] file | 18PD5BkxZ_HPitHkVdKBgC0SHX9x8fMRd | Lecture 17-PL-SQL-I.pdf
2026-06-13 10:38:53,531 | INFO    |       ★ [Lectures] file | 1WyyflIX1eKTskrKkpZ7algzWTjBPH-3E | Lecture 18-PL-SQL-II.pdf
2026-06-13 10:38:53,540 | INFO    |       ★ [Lectures] file | 1DAUEuhMf-Fzj9qySj4MA1kz0xTKE876B | Lecture 19-PL-SQL-III.pdf
2026-06-13 10:38:53,549 | INFO    |       ★ [Lectures] file | 12zczewhh40PBYc8G0boX6KDuhLWRFcNT | Lecture 20-Normalization 1.pdf
2026-06-13 10:38:53,558 | INFO    |       ★ [Lectures] file | 1wc4nH5kF3OneTE_dLUxL_e0oXh0W92kM | Lecture 21-Normalization 2.pdf
2026-06-13 10:38:53,567 | INFO    |       ★ [Lectures] file | 1wBmdTBCxpX4FZu7ZRqF6QSKOrlhdogd1 | Lecture 22-Decomposition.pdf
2026-06-13 10:38:53,575 | INFO    |       ★ [Lectures] file | 1wYGDM2Jadu99GEDmPq_Q1LVr0k_lEUIL | Lecture 23-Transactions-I.pptx
2026-06-13 10:38:53,583 | INFO    |       ★ [Lectures] file | 10IWhikjc5K7D5zyu0UDrKDR5asYEp0FT | Lecture 24-Transaction-II.pptx
2026-06-13 10:38:53,590 | INFO    |       ★ [Lectures] file | 1nm83MsjEXwmmsPthapkKCV9w9zY0rnCo | Lecture 25-Transaction-III.pptx
2026-06-13 10:38:53,597 | INFO    |       ★ [Lectures] file | 1rjJWJhXeGN3cnFGzIs1SLdwp22dLgZZE | Lecture 26-Database Security.pdf
2026-06-13 10:38:55,706 | INFO    |     ⤷ Expanded: Tutorials
2026-06-13 10:38:56,985 | INFO    |     ⤷ Expanded: PYQs
2026-06-13 10:38:58,225 | INFO    |     ⤷ Expanded: YouTube Resources
2026-06-13 10:38:59,533 | INFO    |     ⤷ Expanded: Books
2026-06-13 10:38:59,754 | INFO    |       ★ [Other] file | 1XujLsZfGKWZBY1OfCnuCIYJZzK2nTQB2 | DBMS_T1
2026-06-13 10:38:59,755 | INFO    |       ★ [Other] file | 15NyivCU8EIibz4-qwdL9Iua7FVMsaNfS | DBMS_T2
2026-06-13 10:38:59,755 | INFO    |       ★ [Other] file | 1C7vc4G4lfcI6d7fMxu8H7zctpw3mgJ_P | DBMS_ENDTERM.pdf
2026-06-13 10:38:59,755 | INFO    |       ★ [Other] file | 1xg0F4h-1eO87JMvbj9Zj3nycxFO5FuyE | Silberschatz - Database System Concepts 6th ed.pdf
2026-06-13 10:38:59,755 | INFO    | 
▶ Scraping subject: Theory of Computation
2026-06-13 10:38:59,755 | INFO    |   URL: https://jiitshelf.vercel.app/material/1jwmX5rJiOsMgXwte_tdP4XGg4-Kdpe1b
2026-06-13 10:39:04,207 | INFO    |     ⤷ Expanded: Lectures
2026-06-13 10:39:04,230 | INFO    |       ★ [Lectures] file | 1RblYGrUVWp_ApvCE_AWgN1ig_GqR_pIW | Unit 1 (1).pdf
2026-06-13 10:39:04,240 | INFO    |       ★ [Lectures] file | 1nXn0cfDr96Jqpuj7v-uKI4gwbEdxrHft | Unit 1 (2).ppt
2026-06-13 10:39:04,247 | INFO    |       ★ [Lectures] file | 1zouj-HKX9_SzdsI4aqpZBkg7UEd__pvg | Unit 1 (3).pdf
2026-06-13 10:39:04,255 | INFO    |       ★ [Lectures] file | 1jlno4xLivheVc_G7qh1pCTpNeSWuZmOU | unit2_Closure Properties of regular languages.pdf
2026-06-13 10:39:04,263 | INFO    |       ★ [Lectures] file | 1qrDClK0hA3x-40S5KTGkWsgsF6CW7PuG | unit2_finiteautomata.pdf
2026-06-13 10:39:04,271 | INFO    |       ★ [Lectures] file | 11c8gbmanQe3EKhIhUS8ebelE3uOeBxrT | UNIT 3_Regular Expression.pdf
2026-06-13 10:39:04,279 | INFO    |       ★ [Lectures] file | 1ZLuDHj71YIwwdFqOxjsAt3lQTx529nUr | unit4_pumping lema for CFL_notes.pdf
2026-06-13 10:39:04,286 | INFO    |       ★ [Lectures] file | 1hBvBbtmVWJtH4f_Z2WKCKnSBS6ZkQajS | unit4_pumpinglemmaCFL.pdf
2026-06-13 10:39:04,294 | INFO    |       ★ [Lectures] file | 1yHDeuaQMGSsXd0VT1CTHLFc5Q28PTWTQ | Unit 4 Ambiguous grammar_CNF_GNF.pdf
2026-06-13 10:39:04,302 | INFO    |       ★ [Lectures] file | 1VjqtUQG4rayF0tbyXOtauELl9ychd0UE | Unit 4.pdf
2026-06-13 10:39:04,310 | INFO    |       ★ [Lectures] file | 1veeBv4j6wbRjgofFsqSJzPJKcHi6ZC8e | unit5_PDa_notes.pdf
2026-06-13 10:39:04,317 | INFO    |       ★ [Lectures] file | 1S5wrP2ra8JZR04B6h9l5ZcNmoQRtelKq | unit5.pdf
2026-06-13 10:39:04,325 | INFO    |       ★ [Lectures] file | 1Q7PTkXENtjUWPIu9l12_cTkhWVXp_Ca5 | unit 6 turing church thesis.pdf
2026-06-13 10:39:04,334 | INFO    |       ★ [Lectures] file | 1pGh6X9rhN-NXUgGuetveubQFzX_6gGqK | unit6 halting problem.pdf
2026-06-13 10:39:04,342 | INFO    |       ★ [Lectures] file | 1ODsrxulJMZ0Yi4ebnkMnPHAptKcx4ih7 | unit6 Recursively Enumerable Languages.pdf
2026-06-13 10:39:04,349 | INFO    |       ★ [Lectures] file | 1cZ7cNkSrNJqL4n3N-faZ_9q1wrGpi9jg | Unit 7 (1).pdf
2026-06-13 10:39:04,357 | INFO    |       ★ [Lectures] file | 1dB9pn7XpH9CcIq2K8V3ED55kcFLkc42H | Unit 7 (2).pdf
2026-06-13 10:39:04,366 | INFO    |       ★ [Lectures] file | 1_864_iRFAUofMRDcEWhYYEuqBaA73xSq | imp extra material.pdf
2026-06-13 10:39:05,429 | INFO    |     ⤷ Expanded: Tutorials
2026-06-13 10:39:06,633 | INFO    |     ⤷ Expanded: PYQs
2026-06-13 10:39:07,840 | INFO    |     ⤷ Expanded: YouTube Resources
2026-06-13 10:39:09,056 | INFO    |     ⤷ Expanded: Books
2026-06-13 10:39:09,250 | INFO    |       ★ [Other] file | 1saocdknf-xIZUJTmqL8Ky1a7JgBaQJVP | Course Description
2026-06-13 10:39:09,251 | INFO    |       ★ [Other] file | 1kr5AUrogEQUfzDhxeR2Vh1eY6MQUBgOc | Assignment 1.pdf
2026-06-13 10:39:09,251 | INFO    |       ★ [Other] file | 10w4wDs5gOWLKqj9b40wo72556u2DDdWm | Assignment 2.pdf
2026-06-13 10:39:09,251 | INFO    |       ★ [Other] file | 15zZedBI46MyifeLFy4JoVgazwiSCcmo7 | Assignment 3.docx.pdf
2026-06-13 10:39:09,251 | INFO    |       ★ [Other] file | 1R5uHhO6lfmW_YD4J41V7LtD8G62LdgU2 | TOC_T1
2026-06-13 10:39:09,251 | INFO    |       ★ [Other] file | 1SBGIoNsVZ8AnEbT4N5IRA87_pgPAI0kG | TOC_T2
2026-06-13 10:39:09,251 | INFO    |       ★ [Other] file | 173eP2Y9IEtdU61TZOWLmRi_1X1KKJbJF | TOC_ENDTERM.pdf
2026-06-13 10:39:09,251 | INFO    |       ★ [Other] file | 18oIBGmneTzHCBVpEZWH3L56HWR3BNl6v | K.L.P Mishra.pdf
2026-06-13 10:39:09,251 | INFO    |       ★ [Other] file | 1bc4wgMl4l0NoxVSiHmuYM3h84lsPHYT8 | Michael Sipser.pdf
2026-06-13 10:39:09,252 | INFO    | 
▶ Scraping subject: Economics
2026-06-13 10:39:09,252 | INFO    |   URL: https://jiitshelf.vercel.app/material/1qiwaNyuQqGDGdVjBqBThYLfa6L7XzjsR
2026-06-13 10:39:13,703 | INFO    |     ⤷ Expanded: Lectures
2026-06-13 10:39:13,725 | INFO    |       ★ [Lectures] file | 1ekauTMyy0gMEEyTErFVoXw24M5zzXUAh | 1. Introduction.pdf
2026-06-13 10:39:13,732 | INFO    |       ★ [Lectures] file | 1Eu63S6afH0juLvDoOgHYKMAhSYQ2371N | 2. DD-SS.pdf
2026-06-13 10:39:13,741 | INFO    |       ★ [Lectures] file | 1nS1o11t9CqdCfOHdlo1rMrj8GnQz470X | 3.Market Demand and Market Equilibrium (1).pdf
2026-06-13 10:39:13,749 | INFO    |       ★ [Lectures] file | 1bUuNNdHHdjLtvd6rQ9UpdV_gXYQKrj5D | 4.Elasticity.pdf
2026-06-13 10:39:13,756 | INFO    |       ★ [Lectures] file | 1Yy0GhcvSplCJQ6GgtYP1TLlQXutuPFwJ | 5.Consumer Choice.pdf
2026-06-13 10:39:13,764 | INFO    |       ★ [Lectures] file | 1eVfxI7H1Rt4G689XjNI-brwWu4z9wEqa | 6. Regression Analysis I (1).pdf
2026-06-13 10:39:13,772 | INFO    |       ★ [Lectures] file | 1uDsSeiFn1p7sdeRXfgC06kFbB-dBPCKl | 7.Demand Forcasting_Time Series (2).pdf
2026-06-13 10:39:13,780 | INFO    |       ★ [Lectures] file | 1eqbRSE7aJoa2vxY9M0bO6O5k33W2SG9B | 8. Regression Analysis II.pdf
2026-06-13 10:39:13,787 | INFO    |       ★ [Lectures] file | 1R2UnJRWOIuRiMBjCQU8tP6PCekUknEZa | 9.Production 2020.pdf
2026-06-13 10:39:13,795 | INFO    |       ★ [Lectures] file | 1MUwUJzVwaKZhCTHIF5mjyZmjjtNSY8tK | 9.COST.pdf
2026-06-13 10:39:13,803 | INFO    |       ★ [Lectures] file | 1Sw4JKhiu4XLk6Q9vK-46nEMFDfSZFCNr | 10.Market Structure& PC.pdf
2026-06-13 10:39:13,811 | INFO    |       ★ [Lectures] file | 19ibT-9L6UxCeWleiIVbG-vQgu_3B28ox | 11. Monopoly.pdf
2026-06-13 10:39:13,821 | INFO    |       ★ [Lectures] file | 1wVH-e7c5-KwxQO2XJkx5mf6Xs45EtM3d | 12.Monopolistic Competition Market.pdf
2026-06-13 10:39:13,831 | INFO    |       ★ [Lectures] file | 1alDSnGB9pQRj4344I8fr9wLCRTORWSgV | 13. Oligopoly (1).pdf
2026-06-13 10:39:13,840 | INFO    |       ★ [Lectures] file | 1Jv9K0oaerZyn-liEGwpVhKqJVzV95RLf | 15.Business Cycle.pdf
2026-06-13 10:39:13,850 | INFO    |       ★ [Lectures] file | 1oXjEMGVHu1jUeMkdZs3-9OIOqYOURL5N | 16.Inflation.pdf
2026-06-13 10:39:13,858 | INFO    |       ★ [Lectures] file | 1g8uH2_VymQ5zjysh5q_5qDMQ7G4NTEwE | Lecture_National Income Accounting _New.pdf
2026-06-13 10:39:14,918 | INFO    |     ⤷ Expanded: Tutorials
2026-06-13 10:39:17,167 | INFO    |     ⤷ Expanded: PYQs
2026-06-13 10:39:17,331 | INFO    |       ★ [Other] file | 15a6casKtoEL3MTb1GZ3OX0erb6aD-r4d | Course Description
2026-06-13 10:39:17,331 | INFO    |       ★ [Other] file | 1D1tjuUfq-UO6cvEHC0pEnxvBwRc9sp_J | 1. Importance of Eco.pdf
2026-06-13 10:39:17,331 | INFO    |       ★ [Other] file | 1nqDccA2yCpmId3_RnQ7zO5KeKefsDQJ5 | 2..pdf
2026-06-13 10:39:17,332 | INFO    |       ★ [Other] file | 1E8Zvxp7WXotNvEqIZv_zY924ngMy5ZHv | 3..pdf
2026-06-13 10:39:17,332 | INFO    |       ★ [Other] file | 1dq0Jcqh7eqXQgTuFKEbN898SlTCHWRP- | 4..pdf
2026-06-13 10:39:17,332 | INFO    |       ★ [Other] file | 1ageBNPkQF5IF7_GtLKKiMAdK5HQuusHV | 5..pdf
2026-06-13 10:39:17,332 | INFO    |       ★ [Other] file | 14xr1-pkFrgOXetXLGlNJ7o0gs4u2Qpr2 | 6..pdf
2026-06-13 10:39:17,332 | INFO    |       ★ [Other] file | 1cR5VRCxQdNu2ErvQ989uoFOxkoB7pXJ- | 7..pdf
2026-06-13 10:39:17,333 | INFO    |       ★ [Other] file | 1eWq-QZ2oMtUaMLhATlOhK2pM4eysyM43 | 8. qs.docx
2026-06-13 10:39:17,333 | INFO    |       ★ [Other] file | 1t1ctoxLYMHhvKx9RkXtN0Yo96P7VCWeq | 8. sol.pdf
2026-06-13 10:39:17,333 | INFO    |       ★ [Other] file | 16rA2mUhTgiBlTRmHZYVFoktj8Rp73A79 | 9. sol.pdf
2026-06-13 10:39:17,333 | INFO    |       ★ [Other] file | 1Njyp2BTkQxozrZJrr3jHnonwOsY-8Jsa | 9. qs.pdf
2026-06-13 10:39:17,333 | INFO    |       ★ [Other] file | 1VIelquD39l5Xfqu2HE-gRWlMMXDe-iKL | 10. sol.pdf
2026-06-13 10:39:17,333 | INFO    |       ★ [Other] file | 1Snyzl6GXZga7Vn7UCYb3S55Vj6nNSAwB | 10. qs.doc
2026-06-13 10:39:17,333 | INFO    |       ★ [Other] file | 1LDa_b7M2ApMSsrnBWSVuVMzhL9R_b2H3 | 11..pdf
2026-06-13 10:39:17,333 | INFO    |       ★ [Other] file | 1RcqtHK0OORua8KYBBj92FlN5rWH9RE6- | 12. sol.pdf
2026-06-13 10:39:17,333 | INFO    |       ★ [Other] file | 1lJ0P86Xi-podfs0xHlfCxe7kk62VmRzq | 12. qs.doc
2026-06-13 10:39:17,334 | INFO    |       ★ [Other] file | 1Y0RwUulCMCEmRaa7LMCibzMjYkcRp8Kk | 13. qs.docx
2026-06-13 10:39:17,334 | INFO    |       ★ [Other] file | 1uz715KSwqiS2WV8mxo2QG_CPexHiQBNJ | 13. sol.pdf
2026-06-13 10:39:17,334 | INFO    |       ★ [Other] file | 1ppl2SZaTlTaL028pPVLJd0wPTNdVh4RB | T1 2025.docx
2026-06-13 10:39:17,334 | INFO    |       ★ [Other] file | 1YgNz5DU-tbcGNgL58BggCP-V7wwsvKRf | T1 2022.pdf
2026-06-13 10:39:17,334 | INFO    |       ★ [Other] file | 1D5mSswYtUGHhQmFtFMCwuvJq17W89XVC | T1 2024.pdf
2026-06-13 10:39:17,334 | INFO    |       ★ [Other] file | 1Fma9Xy_BTx6AgR_9c2CJR7BP3pTH5kdq | T2 2025
2026-06-13 10:39:17,334 | INFO    |       ★ [Other] file | 15jPrNxbLh9N5DRLq3V1xdO35nesPKBwm | T2 2024.pdf
2026-06-13 10:39:17,334 | INFO    |       ★ [Other] file | 1W7TRmEnILuaIC39b9hPr58Paef7RIyAD | T3 2025
2026-06-13 10:39:17,334 | INFO    |       ★ [Other] file | 1HILPVtJEQ5v2hh2p_eFemWdZxpY7yU9k | T3 2022.pdf
2026-06-13 10:39:17,334 | INFO    |       ★ [Other] file | 14RcCH0g7xU8m2tUnKcCG7ArjiLUWNZdn | T3 2024.pdf
2026-06-13 10:39:17,334 | INFO    |       ★ [Other] file | 1Qx5RBbmpcNEZZFuEGRABOl7bUfkxWXaf | T3 2021.pdf
2026-06-13 10:39:17,335 | INFO    | 
▶ Scraping subject: Data Structures Lab
2026-06-13 10:39:17,335 | INFO    |   URL: https://jiitshelf.vercel.app/material/1G1vo7ZJRtUr6Ovi4QSVCTHihlxRzTT60
2026-06-13 10:39:21,783 | INFO    |     ⤷ Expanded: Lectures
2026-06-13 10:39:21,804 | INFO    |       ★ [Lectures] file | 103WH69RH-K-PoELa29Y-CigZ152jyy_I | ODD2024-Data Structure _Lab Manual.pdf
2026-06-13 10:39:22,854 | INFO    |     ⤷ Expanded: PYQs
2026-06-13 10:39:22,909 | INFO    |       ★ [Other] file | 1oTce86bfWtTnLEUG6pWSGWn39k8Kmqa8 | Course Description
2026-06-13 10:39:22,910 | INFO    |       ★ [Other] file | 1-sjdMSTqI5yJ97DjxpwGHR6LP-PZBwaO | Week-0.pdf
2026-06-13 10:39:22,910 | INFO    |       ★ [Other] file | 1wufGF14cLyTdqr-S_CCxpeCx3yO0sjs5 | Week-1.pdf
2026-06-13 10:39:22,910 | INFO    |       ★ [Other] file | 1MaEQPoBjQgqhWGK4XnSuMFZGpg3dVlMK | Week-2.pdf
2026-06-13 10:39:22,910 | INFO    |       ★ [Other] file | 1Nd6XdomrnKI5Vm6sY7lFmm9W3v2m0MPL | Week-3.pdf
2026-06-13 10:39:22,910 | INFO    |       ★ [Other] file | 1nCk_y1b9kjohTcIt4mZs7LvLjT0I5ecV | Week-4.pdf
2026-06-13 10:39:22,910 | INFO    |       ★ [Other] file | 1_AEE6rBm1K6Jt_5mW90XMAjq5svaKJ54 | Week-5.pdf
2026-06-13 10:39:22,910 | INFO    |       ★ [Other] file | 1UnVif4dJJlF2K7rZAN2raRcyLDRygbsr | Week-6.pdf
2026-06-13 10:39:22,910 | INFO    |       ★ [Other] file | 1xAQJ07-2DSlyhVErs-pTGI4YAX_KDyiw | Week-7.pdf
2026-06-13 10:39:22,910 | INFO    |       ★ [Other] file | 1qbVloIUrW9qhIBqJz7GyV3iAu5Ywn7Jm | Week-8.pdf
2026-06-13 10:39:22,911 | INFO    |       ★ [Other] file | 1J8qi5tODG6i9tBcpddopTojPTkoKvo9H | Week-9.pdf
2026-06-13 10:39:22,911 | INFO    |       ★ [Other] file | 13Sm-uLPwc0-SRcoaI7AQuLiDNVaus7tn | Week-10.pdf
2026-06-13 10:39:22,911 | INFO    |       ★ [Other] file | 1iPD_nXtfqNUBCKYA3lWJ3whxKQgxwQSB | Week-11.pdf
2026-06-13 10:39:22,911 | INFO    |       ★ [Other] file | 1d-GVWsXmeEj5GSJ-KU6jZVYMoJbJS43m | Eval1 - Paper 1.pdf
2026-06-13 10:39:22,911 | INFO    |       ★ [Other] file | 1BafGBHIWs3u5D5lyFdTNaVt-r113K2Xz | Labtest1 - Paper 1.pdf
2026-06-13 10:39:22,911 | INFO    |       ★ [Other] file | 1-2vXxcRJX6hztWPtYQv165wXJRZJWjib | Labtest1 - Paper 2.pdf
2026-06-13 10:39:22,911 | INFO    |       ★ [Other] file | 1qYz4aN9l1MmVwf-i1xv0abtYwX1nvmNT | Eval1 - Paper 2.pdf
2026-06-13 10:39:22,911 | INFO    |       ★ [Other] file | 1K75eqZoU7zGyqqrbr8AZpPPR8qfQTVQ5 | Eval2 - Paper 1.pdf
2026-06-13 10:39:22,911 | INFO    |       ★ [Other] file | 1Fc95Xw1UtWg-8pntGCnE-0XR4wXYmE3P | Labtest2 - Paper 1.pdf
2026-06-13 10:39:22,912 | INFO    |       ★ [Other] file | 1QrxT2PmB0LQ-GvPdp8TtSKGPJLd4we3X | Labtest2 - Paper 2.pdf
2026-06-13 10:39:22,912 | INFO    |       ★ [Other] file | 1-Sp6TcdnkdhE6QcrENccp12WxKbo39d7 | Eval2 - Paper 2.pdf
2026-06-13 10:39:22,912 | INFO    | 
▶ Scraping subject: Data Structures
2026-06-13 10:39:22,912 | INFO    |   URL: https://jiitshelf.vercel.app/material/13o3VqbtxzLxWzvAoSGE2Xx6IHdo5fGkh
2026-06-13 10:39:27,361 | INFO    |     ⤷ Expanded: Lectures
2026-06-13 10:39:27,387 | INFO    |       ★ [Lectures] file | 1NkkLcqMz0dUv76TJlpYTbj-nwg4U7TsD | Module 1.pdf
2026-06-13 10:39:27,394 | INFO    |       ★ [Lectures] file | 1hOsFqzZNZptl3Yvrq5GqYuFMteQTSNl9 | Module 2.pdf
2026-06-13 10:39:27,404 | INFO    |       ★ [Lectures] file | 1s8zylRTmfC2KJ0YyrtnSuvKliasNN4QH | Module 3.pdf
2026-06-13 10:39:27,413 | INFO    |       ★ [Lectures] file | 1wcfKjFv_QbDxJAFg94_CKWn1Z_aoeCI3 | Module 4.pdf
2026-06-13 10:39:27,423 | INFO    |       ★ [Lectures] file | 1W6mr1sBWkhTCzAz8rq9WGbSXP6zTN7Ko | Module 5.pdf
2026-06-13 10:39:27,431 | INFO    |       ★ [Lectures] file | 18gsI4ZD6xvOodr6rgzEJ3Do5NbK3mHXj | Module 6.pdf
2026-06-13 10:39:27,440 | INFO    |       ★ [Lectures] file | 1_KneStZMLiialuzUHOLOFcxiaONy85zb | kd-Trees.pdf
2026-06-13 10:39:28,490 | INFO    |     ⤷ Expanded: Tutorials
2026-06-13 10:39:29,617 | INFO    |     ⤷ Expanded: PYQs
2026-06-13 10:39:30,738 | INFO    |     ⤷ Expanded: YouTube Resources
2026-06-13 10:39:31,864 | INFO    |     ⤷ Expanded: Books
2026-06-13 10:39:31,950 | INFO    |       ★ [Other] file | 1tmWzJEBFHwf53M5ST5xKwF5XlGxFseqa | Course Description
2026-06-13 10:39:31,950 | INFO    |       ★ [Other] file | 14LwfdTueWoewg8pIfmIZF0M4FlHAYpmZ | Tutorial 0.pdf
2026-06-13 10:39:31,950 | INFO    |       ★ [Other] file | 1zgbaap5WkL0vtJtJswRRtgXsnOSGL7yt | Tutorial 1.pdf
2026-06-13 10:39:31,950 | INFO    |       ★ [Other] file | 1IjtLwe90THjHqL_-fAyFmxwmR2tMgF9L | Tutorial 2.pdf
2026-06-13 10:39:31,951 | INFO    |       ★ [Other] file | 1LyZh6UaoZG0Yrs5I50yc_KXsvG9DupoR | Tutorial 3.pdf
2026-06-13 10:39:31,951 | INFO    |       ★ [Other] file | 1QPh96pk8AtIelyuBYbh1C5wW7oOL5f_7 | Tutorial 4.pdf
2026-06-13 10:39:31,951 | INFO    |       ★ [Other] file | 11G1p2T8EohyZ4tAz3HmwXzi1wtCUVojB | Tutorial 5.pdf
2026-06-13 10:39:31,951 | INFO    |       ★ [Other] file | 1oON1sCXb7RfayeTduCbv2Z9kmkJBTMI4 | Tutorial 6.pdf
2026-06-13 10:39:31,951 | INFO    |       ★ [Other] file | 19VjieIebiSYhrixP9-hKGP8Xif3Sfyhf | Tutorial 7.pdf
2026-06-13 10:39:31,951 | INFO    |       ★ [Other] file | 15glDYtZWk27gFkXr6BdHwbPkGhHt762m | Tutorial 8.pdf
2026-06-13 10:39:31,951 | INFO    |       ★ [Other] file | 1YGMqyPMz-zqwj95C3TvCFZDlQeMFDPiF | Tutorial 9.pdf
2026-06-13 10:39:31,951 | INFO    |       ★ [Other] file | 1CJ35UprvSpNuSkwbnAy_yBoVI2-uQJC0 | Tutorial 10.pdf
2026-06-13 10:39:31,951 | INFO    |       ★ [Other] file | 1ZZ3ZmKsOL7-omhOr0gI0B8yIUhVzX9HR | Tutorial 11.pdf
2026-06-13 10:39:31,951 | INFO    |       ★ [Other] file | 1QE0YDw3rmW87Ixt9gHIhRrVLdUBUaN0V | Tutorial 12.pdf
2026-06-13 10:39:31,951 | INFO    |       ★ [Other] file | 1SI-E6mxGi8EAxtzsRzKeQXwKWT6TauLl | T1 2025
2026-06-13 10:39:31,952 | INFO    |       ★ [Other] file | 1a8yJXlbViFXGRTZa7_ZOXtBeX_QOM5ZS | T1 2024.pdf
2026-06-13 10:39:31,952 | INFO    |       ★ [Other] file | 1f1ujagepucFEXn2ENjg-YchzcBrFQw08 | T1 2021.pdf
2026-06-13 10:39:31,952 | INFO    |       ★ [Other] file | 13_c6pSlI4ameBBG07A0qLzebCgwDlU9g | T2 2025
2026-06-13 10:39:31,952 | INFO    |       ★ [Other] file | 1TeOfrELjO_K4iJddqciBbSjGSpbPMopb | T2 2024.pdf
2026-06-13 10:39:31,952 | INFO    |       ★ [Other] file | 1EHUikYyCEbIZ8p_IHvBoiAX5EnE9wDsQ | T3 2025
2026-06-13 10:39:31,952 | INFO    |       ★ [Other] file | 1MAoZ-Vuu2jhxLhNLqIVZYiQae9UpZrH7 | T3 2024.pdf
2026-06-13 10:39:31,952 | INFO    |       ★ [Other] file | 1I5E1iwh3AoLmUJbWBuyXQMe3ajSIsVoo | Narasimha Karumanchi - Data Structures And Algorit
2026-06-13 10:39:34,076 | INFO    | Browser closed
2026-06-13 10:39:34,080 | INFO    | Saved → jiit_downloads\gdrive_links.json
2026-06-13 10:39:34,081 | INFO    | 
Downloading 267 file(s) | workers=4
2026-06-13 10:48:23,987 | INFO    | Saved → jiit_downloads\download_results.json
2026-06-13 11:11:33,335 | INFO    | ====== WebDriver manager ======
2026-06-13 11:11:34,028 | INFO    | Driver [C:\Users\JaiP\.wdm\drivers\chromedriver\win64\149.0.7827.115\chromedriver-win64/chromedriver.exe] found in cache by browser version
2026-06-13 11:11:34,618 | INFO    | Opening https://jiitshelf.vercel.app
2026-06-13 11:11:37,393 | INFO    | Selecting Branch and Semester ...
2026-06-13 11:11:37,394 | INFO    |   Selecting 'CSE' in 'Branch' dropdown
2026-06-13 11:11:37,420 | ERROR   |     ✗ Failed: Message: no such element: Unable to locate element: {"method":"xpath","selector":"//label[normalize-space()='Branch']/following::*[self::button or @role='combobox' or contains(@class,'select') or contains(@class,'dropdown')][1]"}
  (Session info: chrome=149.0.7827.103); For documentation on this error, please visit: https://www.selenium.dev/documentation/webdriver/troubleshooting/errors#nosuchelementexception
Stacktrace:
	chromedriver!GetHandleVerifier [0x7ff6dad8fd95+15395]
	chromedriver!GetHandleVerifier [0x7ff6dad8fdf0+153f0]
	chromedriver!(No symbol) [0x7ff6da8c78fd]
	chromedriver!(No symbol) [0x7ff6da921479]
	chromedriver!(No symbol) [0x7ff6da92177c]
	chromedriver!(No symbol) [0x7ff6da971ef7]
	chromedriver!(No symbol) [0x7ff6da96eaeb]
	chromedriver!(No symbol) [0x7ff6da913a58]
	chromedriver!(No symbol) [0x7ff6da914953]
	chromedriver!GetHandleVerifier [0x7ff6db355511+5dab11]
	chromedriver!GetHandleVerifier [0x7ff6db34f8fb+5d4efb]
	chromedriver!GetHandleVerifier [0x7ff6db373205+5f8805]
	chromedriver!GetHandleVerifier [0x7ff6dadacc6e+3226e]
	chromedriver!GetHandleVerifier [0x7ff6dadb562c+3ac2c]
	chromedriver!GetHandleVerifier [0x7ff6dad99984+1ef84]
	chromedriver!GetHandleVerifier [0x7ff6dad99b14+1f114]
	chromedriver!GetHandleVerifier [0x7ff6dad7ca77+2077]
	KERNEL32!BaseThreadInitThunk [0x7ffd4f8ee957+17]
	ntdll!RtlUserThreadStart [0x7ffd501e7c1c+2c]

2026-06-13 11:11:38,621 | INFO    |   Selecting '3' in 'Semester' dropdown
2026-06-13 11:11:38,653 | ERROR   |     ✗ Failed: Message: no such element: Unable to locate element: {"method":"xpath","selector":"//label[normalize-space()='Semester']/following::*[self::button or @role='combobox' or contains(@class,'select') or contains(@class,'dropdown')][1]"}
  (Session info: chrome=149.0.7827.103); For documentation on this error, please visit: https://www.selenium.dev/documentation/webdriver/troubleshooting/errors#nosuchelementexception
Stacktrace:
	chromedriver!GetHandleVerifier [0x7ff6dad8fd95+15395]
	chromedriver!GetHandleVerifier [0x7ff6dad8fdf0+153f0]
	chromedriver!(No symbol) [0x7ff6da8c78fd]
	chromedriver!(No symbol) [0x7ff6da921479]
	chromedriver!(No symbol) [0x7ff6da92177c]
	chromedriver!(No symbol) [0x7ff6da971ef7]
	chromedriver!(No symbol) [0x7ff6da96eaeb]
	chromedriver!(No symbol) [0x7ff6da913a58]
	chromedriver!(No symbol) [0x7ff6da914953]
	chromedriver!GetHandleVerifier [0x7ff6db355511+5dab11]
	chromedriver!GetHandleVerifier [0x7ff6db34f8fb+5d4efb]
	chromedriver!GetHandleVerifier [0x7ff6db373205+5f8805]
	chromedriver!GetHandleVerifier [0x7ff6dadacc6e+3226e]
	chromedriver!GetHandleVerifier [0x7ff6dadb562c+3ac2c]
	chromedriver!GetHandleVerifier [0x7ff6dad99984+1ef84]
	chromedriver!GetHandleVerifier [0x7ff6dad99b14+1f114]
	chromedriver!GetHandleVerifier [0x7ff6dad7ca77+2077]
	KERNEL32!BaseThreadInitThunk [0x7ffd4f8ee957+17]
	ntdll!RtlUserThreadStart [0x7ffd501e7c1c+2c]

2026-06-13 11:11:39,454 | INFO    | Clicking 'View Subjects'
2026-06-13 11:11:42,520 | INFO    |   ✓ At: https://jiitshelf.vercel.app/
2026-06-13 11:11:42,520 | INFO    | Collecting subjects ...
2026-06-13 11:11:46,052 | INFO    |   Found 9 'View Material' buttons
2026-06-13 11:11:48,809 | INFO    |     [1] Mathematical Foundations for AI and DS (25B11MA213)
2026-06-13 11:11:53,566 | INFO    |     [2] OOP using Java Lab (24B15CS215)
2026-06-13 11:11:58,335 | INFO    |     [3] Unix Programming Lab (24B15CS214)
2026-06-13 11:12:03,112 | INFO    |     [4] Database Management Systems Lab (24B15CS213)
2026-06-13 11:12:07,896 | INFO    |     [5] Database Management Systems (24B11CS213)
2026-06-13 11:12:12,654 | INFO    |     [6] Theory of Computation (24B11CS212)
2026-06-13 11:12:17,424 | INFO    |     [7] Economics (15B11HS211)
2026-06-13 11:12:22,193 | INFO    |     [8] Data Structures Lab (15B17CI371)
2026-06-13 11:12:26,964 | INFO    |     [9] Data Structures (15B11CI311)
2026-06-13 11:12:28,972 | INFO    |   ✓ 9 subjects collected
2026-06-13 11:12:28,973 | INFO    | Saved → jiit_downloads\subjects.json
2026-06-13 11:12:28,973 | INFO    | 
▶ Subject: Mathematical Foundations for AI and DS
2026-06-13 11:12:28,974 | INFO    |   URL: https://jiitshelf.vercel.app/material/11xtZTlrVLc-KcA-R1jEn3x6Qn-W1V3SB
2026-06-13 11:12:32,391 | INFO    |       ★ [Course Description] 1-OBcZyzsKAk-vTksKyWK5Dnuj0bb0oAs | Course Description
2026-06-13 11:12:32,391 | INFO    |   ▶ Category: Lectures
2026-06-13 11:12:33,580 | INFO    |       ★ [Lectures] 17ipW1D8CFQIkp9vmv43hzxqrc1GsBAmH | Lec-1_ Introduction.pdf
2026-06-13 11:12:33,586 | INFO    |       ★ [Lectures] 1nbBgiGXVTCfA8v8srUezxkvLhM1vRsFM | Lec-2_ Basics of Probability (AI DS).pdf
2026-06-13 11:12:33,593 | INFO    |       ★ [Lectures] 1PH0OxgqrkzgDYrLSWeBTcZ2MECTDMnKb | Lec-3_ Conditional Probability.pdf
2026-06-13 11:12:33,600 | INFO    |       ★ [Lectures] 104py2UawhmuYdyo8-dF2O0LPU944ZLCr | Lec-4_PRP_ Bayes Theorem.pdf
2026-06-13 11:12:33,606 | INFO    |       ★ [Lectures] 1Gvjeygd34edu0HUqhy1ji6sYPo3r2sb9 | Lec-5_Random Variable _1D_Math. Foun. AI DS.pdf
2026-06-13 11:12:33,613 | INFO    |       ★ [Lectures] 1qojElcI_LmiH6dgoQkzARXL0Z0fc3pRd | Lec-6_continuous RV_Math. Foun. AI DS.pdf
2026-06-13 11:12:33,620 | INFO    |       ★ [Lectures] 1fPGi-4Y7eso1tqITyAFkvCSsEKd8l1x2 | Lec-7_mean n bivariate_Math. Foun. AI DS.pdf
2026-06-13 11:12:33,627 | INFO    |       ★ [Lectures] 1c8eiDotsUKDAqTQg6a423wfeh5QiL8L1 | Lec-8_CONDITIONAL AND MARGINAL_Math. Foun. AI DS (
2026-06-13 11:12:33,634 | INFO    |       ★ [Lectures] 1zQizwE2yEoHI_ZYayavT31Z07gELCUbQ | Lec-9_ AI_DS (1).pdf
2026-06-13 11:12:33,641 | INFO    |       ★ [Lectures] 1D2f8-ZPf7O_1rzd8dniHAYatdW9i9TaB | Lec-10_Binomial Distribution_AI DS.pdf
2026-06-13 11:12:33,647 | INFO    |       ★ [Lectures] 1Aa-fIu0qbgACqYV336SPGsgBuMPKYRlY | Lec-11_Poisson dist_AI DS.pdf
2026-06-13 11:12:33,654 | INFO    |       ★ [Lectures] 1yTlLtmfc4KMLhY2BEljdb5TpizIiVs3j | Lec-12_Normal Distribution Foun. AI DS (1).pdf
2026-06-13 11:12:33,660 | INFO    |       ★ [Lectures] 1pmFg6W4PTTKTULfdb-sxHs7367zIa9cF | Lec-13_ Moments and MGF MFAIDS.pdf
2026-06-13 11:12:33,667 | INFO    |       ★ [Lectures] 1894xXg7gMOejPCK7fLrJuaEFpJrguASS | L-14_Central Limit Theorem_MFAIDS.pdf
2026-06-13 11:12:33,675 | INFO    |       ★ [Lectures] 19Mmw8bF1A_5bj5Pbuw_7p55uiTFw9Gx2 | Lec-15.pdf
2026-06-13 11:12:33,681 | INFO    |       ★ [Lectures] 1SPp5czz5hU2Rr6ACmQkYeq3boTkt3pwZ | L-16_Regression_Least Square Method_MFAIDS.pdf
2026-06-13 11:12:33,688 | INFO    |       ★ [Lectures] 1-D8s5EOrxZl75FWiTeoSPOtGGQSGRtol | L-17_Regression and its properties_MFAIDS.pdf
2026-06-13 11:12:33,695 | INFO    |       ★ [Lectures] 106o8nMk2NkUX87mrB00RI2cIk0y2Zhz- | Lec 18_Algebraic Structures - MFAIDS (1).pdf
2026-06-13 11:12:33,702 | INFO    |       ★ [Lectures] 1qOCW4jCHsGiCcUL9LFGBnPojed3DZBWn | Lec 19_Vector Space_MFAIDS.pdf
2026-06-13 11:12:33,722 | INFO    |       ★ [Lectures] 1asFuNf519Wk-T3LFfx3W_Y3QcjRVhEE- | Lec-20_Vector Subspace_MFAIDS.pdf
2026-06-13 11:12:33,730 | INFO    |       ★ [Lectures] 12C4dWLoawMTsc1DE3pgsgNYIvauLtwmd | Lec-21_Dimension and Basis_MFAIDS.pdf
2026-06-13 11:12:33,738 | INFO    |       ★ [Lectures] 1ySKDHLy1a3dTP92wJsFVBdPhG4Z1NVzg | L-22_Linear Transformations_MFAIDS.pdf
2026-06-13 11:12:33,746 | INFO    |       ★ [Lectures] 1z1mDlaH7mZax1rAL9iUOfH1LxJD7U8HB | Lec23_Matrix representation (1).pdf
2026-06-13 11:12:33,754 | INFO    |       ★ [Lectures] 1bRyfbHU8pIVBDo6C6SZMChTHv5ynEyZF | Lec-24_Rank_Nullity_MFAIDS.pdf
2026-06-13 11:12:33,762 | INFO    |       ★ [Lectures] 1VASQbKfPy-y017GfW1zgsRAtQImHIlks | Lec25_26_IPS_Norms.pdf
2026-06-13 11:12:33,768 | INFO    |       ★ [Lectures] 1OiVAo3MX7IxSkrNU0sy0k_b97slDRaKh | Lec 27-28 _MFAIDS.pdf
2026-06-13 11:12:33,775 | INFO    |       ★ [Lectures] 1Ca9MPdBeK07DZg64OKNX4My4yc1bTeqF | Lecture-29_30_Singular Value Decomposition_MFAIDS.
2026-06-13 11:12:33,782 | INFO    |       ★ [Lectures] 1HGNwlanLryB-b2f-0PVff57Cn1RYoJIt | Lec-31_ INtroduction to LPP and Graphical method.p
2026-06-13 11:12:33,788 | INFO    |       ★ [Lectures] 1hvGnN2BnmaWaitXx72wvScfrNVF4PEtC | Lecture-32-33 Simplex Method (1) (1).pdf
2026-06-13 11:12:33,795 | INFO    |       ★ [Lectures] 1Td6AwoJXJhp5chFk8oeBObyEEeKtyU3- | Lec-34_Duality.pdf
2026-06-13 11:12:33,802 | INFO    |       ★ [Lectures] 1rL01Ky6c2m9zy6UQ1L386A0DruNV455u | Lec-35_Convex_set_Convex_function_MFAIDS (1).pdf
2026-06-13 11:12:33,808 | INFO    |       ★ [Lectures] 1Do72pvNNk-Qm0fYtNKpMwb7JVPsP1F3X | Lec-36_Hessian_Matrix_MFAIDS (1).pdf
2026-06-13 11:12:33,815 | INFO    |       ★ [Lectures] 1J7sSjb2SCEF189GPAtDBXwPV-yIidMwB | Lecture-37_NLPP_Lagrange method_MFAIDS.pdf
2026-06-13 11:12:33,821 | INFO    |       ★ [Lectures] 1cRLngHO5qpt-fgSB7idDVpi0hwdXice0 | Lec-38.pdf
2026-06-13 11:12:33,842 | INFO    |     ✓ 34 link(s) added under 'Lectures'
2026-06-13 11:12:34,166 | INFO    |   ▶ Category: Tutorials
2026-06-13 11:12:35,340 | INFO    |       ★ [Tutorials] 1aO2ljBflkWCjSmDMnuf4eGqDOIPnFkou | Tut 1_Math. Foun. AI & DS.pdf
2026-06-13 11:12:35,346 | INFO    |       ★ [Tutorials] 1xLa80msymlMXQFFZehOB7WEdr-xFrl3v | Tut 2_Math. Foun. AI & DS.pdf
2026-06-13 11:12:35,353 | INFO    |       ★ [Tutorials] 1U4utTbfMfmKpD8hzKHP8O-5oRxA6xtgM | Tut 3_ Math. Foun. AI & DS.pdf
2026-06-13 11:12:35,375 | INFO    |       ★ [Tutorials] 17zSgzRr3orZgdnoYu18l9VyEbXRIRaN4 | Tut 4_MFAIDS.pdf
2026-06-13 11:12:35,382 | INFO    |       ★ [Tutorials] 1ukghUg0JT6u-y6HDZy35ySTTgk2mT_yt | Tut 5_Normal Table.pdf
2026-06-13 11:12:35,388 | INFO    |       ★ [Tutorials] 1UjqfBSg0RmLHt3vkLy1dFIPnHWY6J_XY | Tut 5_AI_DS.pdf
2026-06-13 11:12:35,395 | INFO    |       ★ [Tutorials] 12WSLcvZ-s4-pUKI4qtrNoheMQrKiVV3v | Tut 6_MFAIDS.pdf
2026-06-13 11:12:35,401 | INFO    |       ★ [Tutorials] 16Vk4Kl_wqxluif-gnAtkQjjDk90Lt7i- | Tut 7_Math. Foun. AI & DS.pdf
2026-06-13 11:12:35,408 | INFO    |       ★ [Tutorials] 1OZaz_KdzjvO8TzQFJ_KMhFEyanSP0LYp | Tut 8.pdf
2026-06-13 11:12:35,414 | INFO    |       ★ [Tutorials] 1R2-MkmQkJmn8i4VwC4Cd6biXhAygqGkO | Tut 9_Math. Foun. AI & DS.pdf
2026-06-13 11:12:35,429 | INFO    |     ✓ 10 link(s) added under 'Tutorials'
2026-06-13 11:12:35,753 | INFO    |   ▶ Category: PYQs
2026-06-13 11:12:36,920 | INFO    |       ★ [PYQs] 17H_YgdJ11bqCGWTShTK2LL431WvElezM | MFAIDS_T1
2026-06-13 11:12:36,926 | INFO    |       ★ [PYQs] 1z0cS0EfbaFvMFH6n02RAHlCV1VJcBP74 | MFAIDS_T2
2026-06-13 11:12:36,933 | INFO    |       ★ [PYQs] 12ny7TbU_hY4jUSbyRtSFkzr0GbWaYuEN | MFAIDS_T3
2026-06-13 11:12:36,948 | INFO    |     ✓ 3 link(s) added under 'PYQs'
2026-06-13 11:12:37,281 | INFO    |   ▶ Category: YouTube Resources
2026-06-13 11:12:38,477 | INFO    |       ☆ YouTube: https://www.youtube.com/@gajendrapurohit"
2026-06-13 11:12:38,477 | INFO    |       ☆ YouTube: https://www.youtube.com/@pradeepgiriacademy"
2026-06-13 11:12:38,477 | INFO    |     ✓ 0 link(s) added under 'YouTube Resources'
2026-06-13 11:12:38,801 | INFO    |   ▶ Category: Books
2026-06-13 11:12:39,988 | INFO    |     ✓ 0 link(s) added under 'Books'
2026-06-13 11:12:40,315 | INFO    | 
▶ Subject: OOP using Java Lab
2026-06-13 11:12:40,316 | INFO    |   URL: https://jiitshelf.vercel.app/material/1jPmMcqhnjzvmZt9AJ-XiX14Vh74V_rNj
2026-06-13 11:12:43,697 | INFO    |   ▶ Category: Lectures
2026-06-13 11:12:44,873 | INFO    |       ★ [Lectures] 1ep5h84_VEp2BiHP79LfRVu-XkVTu5-2v | Lab Plan.pdf
2026-06-13 11:12:44,888 | INFO    |     ✓ 1 link(s) added under 'Lectures'
2026-06-13 11:12:45,211 | INFO    |   ▶ Category: Tutorials
2026-06-13 11:12:45,230 | INFO    |   ▶ Category: PYQs
2026-06-13 11:12:46,395 | INFO    |       ★ [PYQs] 1nZMfksnPg9_K9_bF3PWDgWMUaWnvLF9- | Lab Test 1-Tuesday-Batch - B9, B10.pdf
2026-06-13 11:12:46,403 | INFO    |       ★ [PYQs] 198nrEXIWHrrLcXid5qom5Oe2yRw5hIa0 | Lab eval 1.pdf
2026-06-13 11:12:46,446 | INFO    |     ✓ 2 link(s) added under 'PYQs'
2026-06-13 11:12:46,773 | INFO    |   ▶ Category: YouTube Resources
2026-06-13 11:14:05,211 | INFO    | ====== WebDriver manager ======
2026-06-13 11:14:05,796 | INFO    | Driver [C:\Users\JaiP\.wdm\drivers\chromedriver\win64\149.0.7827.115\chromedriver-win64/chromedriver.exe] found in cache by browser version
2026-06-13 11:14:06,399 | INFO    | Opening https://jiitshelf.vercel.app
2026-06-13 11:14:09,472 | INFO    | Selecting Branch and Semester ...
2026-06-13 11:14:09,472 | INFO    |   Selecting 'CSE' in 'Branch' dropdown
2026-06-13 11:14:09,488 | ERROR   |     ✗ Failed: Message: no such element: Unable to locate element: {"method":"xpath","selector":"//label[normalize-space()='Branch']/following::*[self::button or @role='combobox' or contains(@class,'select') or contains(@class,'dropdown')][1]"}
  (Session info: chrome=149.0.7827.103); For documentation on this error, please visit: https://www.selenium.dev/documentation/webdriver/troubleshooting/errors#nosuchelementexception
Stacktrace:
	chromedriver!GetHandleVerifier [0x7ff6dad8fd95+15395]
	chromedriver!GetHandleVerifier [0x7ff6dad8fdf0+153f0]
	chromedriver!(No symbol) [0x7ff6da8c78fd]
	chromedriver!(No symbol) [0x7ff6da921479]
	chromedriver!(No symbol) [0x7ff6da92177c]
	chromedriver!(No symbol) [0x7ff6da971ef7]
	chromedriver!(No symbol) [0x7ff6da96eaeb]
	chromedriver!(No symbol) [0x7ff6da913a58]
	chromedriver!(No symbol) [0x7ff6da914953]
	chromedriver!GetHandleVerifier [0x7ff6db355511+5dab11]
	chromedriver!GetHandleVerifier [0x7ff6db34f8fb+5d4efb]
	chromedriver!GetHandleVerifier [0x7ff6db373205+5f8805]
	chromedriver!GetHandleVerifier [0x7ff6dadacc6e+3226e]
	chromedriver!GetHandleVerifier [0x7ff6dadb562c+3ac2c]
	chromedriver!GetHandleVerifier [0x7ff6dad99984+1ef84]
	chromedriver!GetHandleVerifier [0x7ff6dad99b14+1f114]
	chromedriver!GetHandleVerifier [0x7ff6dad7ca77+2077]
	KERNEL32!BaseThreadInitThunk [0x7ffd4f8ee957+17]
	ntdll!RtlUserThreadStart [0x7ffd501e7c1c+2c]

2026-06-13 11:14:10,689 | INFO    |   Selecting '3' in 'Semester' dropdown
2026-06-13 11:14:10,725 | ERROR   |     ✗ Failed: Message: no such element: Unable to locate element: {"method":"xpath","selector":"//label[normalize-space()='Semester']/following::*[self::button or @role='combobox' or contains(@class,'select') or contains(@class,'dropdown')][1]"}
  (Session info: chrome=149.0.7827.103); For documentation on this error, please visit: https://www.selenium.dev/documentation/webdriver/troubleshooting/errors#nosuchelementexception
Stacktrace:
	chromedriver!GetHandleVerifier [0x7ff6dad8fd95+15395]
	chromedriver!GetHandleVerifier [0x7ff6dad8fdf0+153f0]
	chromedriver!(No symbol) [0x7ff6da8c78fd]
	chromedriver!(No symbol) [0x7ff6da921479]
	chromedriver!(No symbol) [0x7ff6da92177c]
	chromedriver!(No symbol) [0x7ff6da971ef7]
	chromedriver!(No symbol) [0x7ff6da96eaeb]
	chromedriver!(No symbol) [0x7ff6da913a58]
	chromedriver!(No symbol) [0x7ff6da914953]
	chromedriver!GetHandleVerifier [0x7ff6db355511+5dab11]
	chromedriver!GetHandleVerifier [0x7ff6db34f8fb+5d4efb]
	chromedriver!GetHandleVerifier [0x7ff6db373205+5f8805]
	chromedriver!GetHandleVerifier [0x7ff6dadacc6e+3226e]
	chromedriver!GetHandleVerifier [0x7ff6dadb562c+3ac2c]
	chromedriver!GetHandleVerifier [0x7ff6dad99984+1ef84]
	chromedriver!GetHandleVerifier [0x7ff6dad99b14+1f114]
	chromedriver!GetHandleVerifier [0x7ff6dad7ca77+2077]
	KERNEL32!BaseThreadInitThunk [0x7ffd4f8ee957+17]
	ntdll!RtlUserThreadStart [0x7ffd501e7c1c+2c]

2026-06-13 11:14:11,525 | INFO    | Clicking 'View Subjects'
2026-06-13 11:14:14,592 | INFO    |   ✓ At: https://jiitshelf.vercel.app/subjects/3
2026-06-13 11:14:14,592 | INFO    | Collecting subjects ...
2026-06-13 11:14:16,606 | INFO    |   Found 9 'View Material' buttons
2026-06-13 11:14:19,398 | INFO    |     [1] Mathematical Foundations for AI and DS (25B11MA213)
2026-06-13 11:14:24,155 | INFO    |     [2] OOP using Java Lab (24B15CS215)
2026-06-13 11:14:28,933 | INFO    |     [3] Unix Programming Lab (24B15CS214)
2026-06-13 11:14:33,710 | INFO    |     [4] Database Management Systems Lab (24B15CS213)
2026-06-13 11:14:38,470 | INFO    |     [5] Database Management Systems (24B11CS213)
2026-06-13 11:14:43,229 | INFO    |     [6] Theory of Computation (24B11CS212)
2026-06-13 11:14:47,985 | INFO    |     [7] Economics (15B11HS211)
2026-06-13 11:14:52,747 | INFO    |     [8] Data Structures Lab (15B17CI371)
2026-06-13 11:14:57,530 | INFO    |     [9] Data Structures (15B11CI311)
2026-06-13 11:14:59,537 | INFO    |   ✓ 9 subjects collected
2026-06-13 11:14:59,538 | INFO    | Saved → jiit_downloads\subjects.json
2026-06-13 11:14:59,538 | INFO    | 
▶ Subject: Mathematical Foundations for AI and DS
2026-06-13 11:14:59,539 | INFO    |   URL: https://jiitshelf.vercel.app/material/11xtZTlrVLc-KcA-R1jEn3x6Qn-W1V3SB
2026-06-13 11:15:02,980 | INFO    |       ★ [Course Description] 1-OBcZyzsKAk-vTksKyWK5Dnuj0bb0oAs | Course Description
2026-06-13 11:15:02,980 | INFO    |   ▶ Category: Lectures
2026-06-13 11:15:04,173 | INFO    |       ★ [Lectures] 17ipW1D8CFQIkp9vmv43hzxqrc1GsBAmH | Lec-1_ Introduction.pdf
2026-06-13 11:15:04,181 | INFO    |       ★ [Lectures] 1nbBgiGXVTCfA8v8srUezxkvLhM1vRsFM | Lec-2_ Basics of Probability (AI DS).pdf
2026-06-13 11:15:04,188 | INFO    |       ★ [Lectures] 1PH0OxgqrkzgDYrLSWeBTcZ2MECTDMnKb | Lec-3_ Conditional Probability.pdf
2026-06-13 11:15:04,195 | INFO    |       ★ [Lectures] 104py2UawhmuYdyo8-dF2O0LPU944ZLCr | Lec-4_PRP_ Bayes Theorem.pdf
2026-06-13 11:15:04,204 | INFO    |       ★ [Lectures] 1Gvjeygd34edu0HUqhy1ji6sYPo3r2sb9 | Lec-5_Random Variable _1D_Math. Foun. AI DS.pdf
2026-06-13 11:15:04,214 | INFO    |       ★ [Lectures] 1qojElcI_LmiH6dgoQkzARXL0Z0fc3pRd | Lec-6_continuous RV_Math. Foun. AI DS.pdf
2026-06-13 11:15:04,221 | INFO    |       ★ [Lectures] 1fPGi-4Y7eso1tqITyAFkvCSsEKd8l1x2 | Lec-7_mean n bivariate_Math. Foun. AI DS.pdf
2026-06-13 11:15:04,229 | INFO    |       ★ [Lectures] 1c8eiDotsUKDAqTQg6a423wfeh5QiL8L1 | Lec-8_CONDITIONAL AND MARGINAL_Math. Foun. AI DS (
2026-06-13 11:15:04,237 | INFO    |       ★ [Lectures] 1zQizwE2yEoHI_ZYayavT31Z07gELCUbQ | Lec-9_ AI_DS (1).pdf
2026-06-13 11:15:04,245 | INFO    |       ★ [Lectures] 1D2f8-ZPf7O_1rzd8dniHAYatdW9i9TaB | Lec-10_Binomial Distribution_AI DS.pdf
2026-06-13 11:15:04,256 | INFO    |       ★ [Lectures] 1Aa-fIu0qbgACqYV336SPGsgBuMPKYRlY | Lec-11_Poisson dist_AI DS.pdf
2026-06-13 11:15:04,268 | INFO    |       ★ [Lectures] 1yTlLtmfc4KMLhY2BEljdb5TpizIiVs3j | Lec-12_Normal Distribution Foun. AI DS (1).pdf
2026-06-13 11:15:04,277 | INFO    |       ★ [Lectures] 1pmFg6W4PTTKTULfdb-sxHs7367zIa9cF | Lec-13_ Moments and MGF MFAIDS.pdf
2026-06-13 11:15:04,286 | INFO    |       ★ [Lectures] 1894xXg7gMOejPCK7fLrJuaEFpJrguASS | L-14_Central Limit Theorem_MFAIDS.pdf
2026-06-13 11:15:04,294 | INFO    |       ★ [Lectures] 19Mmw8bF1A_5bj5Pbuw_7p55uiTFw9Gx2 | Lec-15.pdf
2026-06-13 11:15:04,303 | INFO    |       ★ [Lectures] 1SPp5czz5hU2Rr6ACmQkYeq3boTkt3pwZ | L-16_Regression_Least Square Method_MFAIDS.pdf
2026-06-13 11:15:04,312 | INFO    |       ★ [Lectures] 1-D8s5EOrxZl75FWiTeoSPOtGGQSGRtol | L-17_Regression and its properties_MFAIDS.pdf
2026-06-13 11:15:04,321 | INFO    |       ★ [Lectures] 106o8nMk2NkUX87mrB00RI2cIk0y2Zhz- | Lec 18_Algebraic Structures - MFAIDS (1).pdf
2026-06-13 11:15:04,332 | INFO    |       ★ [Lectures] 1qOCW4jCHsGiCcUL9LFGBnPojed3DZBWn | Lec 19_Vector Space_MFAIDS.pdf
2026-06-13 11:15:04,342 | INFO    |       ★ [Lectures] 1asFuNf519Wk-T3LFfx3W_Y3QcjRVhEE- | Lec-20_Vector Subspace_MFAIDS.pdf
2026-06-13 11:15:04,351 | INFO    |       ★ [Lectures] 12C4dWLoawMTsc1DE3pgsgNYIvauLtwmd | Lec-21_Dimension and Basis_MFAIDS.pdf
2026-06-13 11:15:04,360 | INFO    |       ★ [Lectures] 1ySKDHLy1a3dTP92wJsFVBdPhG4Z1NVzg | L-22_Linear Transformations_MFAIDS.pdf
2026-06-13 11:15:04,369 | INFO    |       ★ [Lectures] 1z1mDlaH7mZax1rAL9iUOfH1LxJD7U8HB | Lec23_Matrix representation (1).pdf
2026-06-13 11:15:04,377 | INFO    |       ★ [Lectures] 1bRyfbHU8pIVBDo6C6SZMChTHv5ynEyZF | Lec-24_Rank_Nullity_MFAIDS.pdf
2026-06-13 11:15:04,385 | INFO    |       ★ [Lectures] 1VASQbKfPy-y017GfW1zgsRAtQImHIlks | Lec25_26_IPS_Norms.pdf
2026-06-13 11:15:04,393 | INFO    |       ★ [Lectures] 1OiVAo3MX7IxSkrNU0sy0k_b97slDRaKh | Lec 27-28 _MFAIDS.pdf
2026-06-13 11:15:04,400 | INFO    |       ★ [Lectures] 1Ca9MPdBeK07DZg64OKNX4My4yc1bTeqF | Lecture-29_30_Singular Value Decomposition_MFAIDS.
2026-06-13 11:15:04,411 | INFO    |       ★ [Lectures] 1HGNwlanLryB-b2f-0PVff57Cn1RYoJIt | Lec-31_ INtroduction to LPP and Graphical method.p
2026-06-13 11:15:04,421 | INFO    |       ★ [Lectures] 1hvGnN2BnmaWaitXx72wvScfrNVF4PEtC | Lecture-32-33 Simplex Method (1) (1).pdf
2026-06-13 11:15:04,433 | INFO    |       ★ [Lectures] 1Td6AwoJXJhp5chFk8oeBObyEEeKtyU3- | Lec-34_Duality.pdf
2026-06-13 11:15:04,445 | INFO    |       ★ [Lectures] 1rL01Ky6c2m9zy6UQ1L386A0DruNV455u | Lec-35_Convex_set_Convex_function_MFAIDS (1).pdf
2026-06-13 11:15:04,456 | INFO    |       ★ [Lectures] 1Do72pvNNk-Qm0fYtNKpMwb7JVPsP1F3X | Lec-36_Hessian_Matrix_MFAIDS (1).pdf
2026-06-13 11:15:04,468 | INFO    |       ★ [Lectures] 1J7sSjb2SCEF189GPAtDBXwPV-yIidMwB | Lecture-37_NLPP_Lagrange method_MFAIDS.pdf
2026-06-13 11:15:04,492 | INFO    |       ★ [Lectures] 1cRLngHO5qpt-fgSB7idDVpi0hwdXice0 | Lec-38.pdf
2026-06-13 11:15:04,518 | INFO    |     ✓ 34 link(s) added under 'Lectures'
2026-06-13 11:15:04,866 | INFO    |   ▶ Category: Tutorials
2026-06-13 11:15:06,056 | INFO    |       ★ [Tutorials] 1aO2ljBflkWCjSmDMnuf4eGqDOIPnFkou | Tut 1_Math. Foun. AI & DS.pdf
2026-06-13 11:15:06,064 | INFO    |       ★ [Tutorials] 1xLa80msymlMXQFFZehOB7WEdr-xFrl3v | Tut 2_Math. Foun. AI & DS.pdf
2026-06-13 11:15:06,070 | INFO    |       ★ [Tutorials] 1U4utTbfMfmKpD8hzKHP8O-5oRxA6xtgM | Tut 3_ Math. Foun. AI & DS.pdf
2026-06-13 11:15:06,078 | INFO    |       ★ [Tutorials] 17zSgzRr3orZgdnoYu18l9VyEbXRIRaN4 | Tut 4_MFAIDS.pdf
2026-06-13 11:15:06,088 | INFO    |       ★ [Tutorials] 1ukghUg0JT6u-y6HDZy35ySTTgk2mT_yt | Tut 5_Normal Table.pdf
2026-06-13 11:15:06,096 | INFO    |       ★ [Tutorials] 1UjqfBSg0RmLHt3vkLy1dFIPnHWY6J_XY | Tut 5_AI_DS.pdf
2026-06-13 11:15:06,107 | INFO    |       ★ [Tutorials] 12WSLcvZ-s4-pUKI4qtrNoheMQrKiVV3v | Tut 6_MFAIDS.pdf
2026-06-13 11:15:06,116 | INFO    |       ★ [Tutorials] 16Vk4Kl_wqxluif-gnAtkQjjDk90Lt7i- | Tut 7_Math. Foun. AI & DS.pdf
2026-06-13 11:15:06,126 | INFO    |       ★ [Tutorials] 1OZaz_KdzjvO8TzQFJ_KMhFEyanSP0LYp | Tut 8.pdf
2026-06-13 11:15:06,135 | INFO    |       ★ [Tutorials] 1R2-MkmQkJmn8i4VwC4Cd6biXhAygqGkO | Tut 9_Math. Foun. AI & DS.pdf
2026-06-13 11:15:06,171 | INFO    |     ✓ 10 link(s) added under 'Tutorials'
2026-06-13 11:15:06,518 | INFO    |   ▶ Category: PYQs
2026-06-13 11:15:07,687 | INFO    |       ★ [PYQs] 17H_YgdJ11bqCGWTShTK2LL431WvElezM | MFAIDS_T1
2026-06-13 11:15:07,693 | INFO    |       ★ [PYQs] 1z0cS0EfbaFvMFH6n02RAHlCV1VJcBP74 | MFAIDS_T2
2026-06-13 11:15:07,701 | INFO    |       ★ [PYQs] 12ny7TbU_hY4jUSbyRtSFkzr0GbWaYuEN | MFAIDS_T3
2026-06-13 11:15:07,717 | INFO    |     ✓ 3 link(s) added under 'PYQs'
2026-06-13 11:15:08,074 | INFO    | 
▶ Subject: OOP using Java Lab
2026-06-13 11:15:08,075 | INFO    |   URL: https://jiitshelf.vercel.app/material/1jPmMcqhnjzvmZt9AJ-XiX14Vh74V_rNj
2026-06-13 11:15:11,478 | INFO    |   ▶ Category: Lectures
2026-06-13 11:15:12,645 | INFO    |       ★ [Lectures] 1ep5h84_VEp2BiHP79LfRVu-XkVTu5-2v | Lab Plan.pdf
2026-06-13 11:15:12,675 | INFO    |     ✓ 1 link(s) added under 'Lectures'
2026-06-13 11:15:13,005 | INFO    |   ▶ Category: Tutorials
2026-06-13 11:15:13,026 | INFO    |   ▶ Category: PYQs
2026-06-13 11:15:14,189 | INFO    |       ★ [PYQs] 1nZMfksnPg9_K9_bF3PWDgWMUaWnvLF9- | Lab Test 1-Tuesday-Batch - B9, B10.pdf
2026-06-13 11:15:14,196 | INFO    |       ★ [PYQs] 198nrEXIWHrrLcXid5qom5Oe2yRw5hIa0 | Lab eval 1.pdf
2026-06-13 11:15:14,212 | INFO    |     ✓ 2 link(s) added under 'PYQs'
2026-06-13 11:15:14,543 | INFO    | 
▶ Subject: Unix Programming Lab
2026-06-13 11:15:14,543 | INFO    |   URL: https://jiitshelf.vercel.app/material/1qNm6fY3LbHtaTSPifr4NylTnZXBx3oVE
2026-06-13 11:15:17,944 | INFO    |       ★ [Course Description] 13ghr8YvAbmlZJR0WH18W2p7uUzhRPfaK | Course Description
2026-06-13 11:15:17,944 | INFO    |   ▶ Category: Lectures
2026-06-13 11:15:19,105 | INFO    |       ★ [Lectures] 1CgIvfcTKsY69fsoF641_X5tLyrD6684F | Lecture-1 UNIX Operating System.pdf
2026-06-13 11:15:19,111 | INFO    |       ★ [Lectures] 14E63gpYxZ9oM0AYY3KK-TQB_DhzGdLnM | Lect-2 pt 3.pdf
2026-06-13 11:15:19,119 | INFO    |       ★ [Lectures] 1AnCMO24ttZAO3P2ygYt_LC40-Dfx9QwW | Lect-2 pt 2.pdf
2026-06-13 11:15:19,126 | INFO    |       ★ [Lectures] 1IQAD8o-RkSmnl8Q4n1BOJVmX1KOrWgrx | Lect-2 Introduction to Unix and commands.pdf
2026-06-13 11:15:19,133 | INFO    |       ★ [Lectures] 1-XexYYxCBzUIM1Ack3wmbk9La2y-LweL | Lect3-Unix.pdf
2026-06-13 11:15:19,140 | INFO    |       ★ [Lectures] 1YbzaooXckRL_dgBUpdGHSm8pYIhQyUo0 | Lect4-Unix.pdf
2026-06-13 11:15:19,147 | INFO    |       ★ [Lectures] 19JRM9EncGoKnQS37uM8mN7fC718z6YNd | Lecture-5 Unix_Pipes_Processes.pptx.pdf
2026-06-13 11:15:19,154 | INFO    |       ★ [Lectures] 1bCZSdju3QcVYJcxCGinnI6RF_40QPzpO | Lect-6-Shell scripting basics.pdf
2026-06-13 11:15:19,161 | INFO    |       ★ [Lectures] 1NURSSbmtwYmYUJOR6kA9k4K-XiIdrzot | Lec 7 loops and desicions.pdf
2026-06-13 11:15:19,168 | INFO    |       ★ [Lectures] 1gixwriHjY9D-1AiZqbbQXmr6PhWmfsLw | Lec 8-Arrays and Functions.pdf
2026-06-13 11:15:19,175 | INFO    |       ★ [Lectures] 1OgG3m2n6p-OuPMj-pipSNL0Cu5Optvpc | Lecture 9-Unix.pdf
2026-06-13 11:15:19,185 | INFO    |       ★ [Lectures] 1SuaIPaH1qrIFoBqXNu9F6I8r1rvmrtmI | LEC 10 File Handling & Automation.pdf
2026-06-13 11:15:19,194 | INFO    |       ★ [Lectures] 1gOInUyC-rNjTE4MvhQjwNMJZ_MDUhQzE | Lec 11 Shell Scripting advanced topics.pptm.pdf
2026-06-13 11:15:19,202 | INFO    |       ★ [Lectures] 1R6Zgf6Y6ew_oWR7akCqShWK7Y2b0Gmr1 | Lect-12-Unix_Programming_Standard_IO.pdf
2026-06-13 11:15:19,209 | INFO    |       ★ [Lectures] 1BF24AJkhaOsCTYkY5Bb4oh8t9qe4A8TB | Lecture 14-Unix.pdf
2026-06-13 11:15:19,226 | INFO    |     ✓ 15 link(s) added under 'Lectures'
2026-06-13 11:15:19,553 | INFO    |   ▶ Category: Tutorials
2026-06-13 11:15:19,568 | INFO    |   ▶ Category: PYQs
2026-06-13 11:15:20,725 | INFO    |       ★ [PYQs] 1503jvYZVcy-uTRxujQrTlT3UhMGPQsAb | Eval#01 (Wed 2-4pm).pdf
2026-06-13 11:15:20,731 | INFO    |       ★ [PYQs] 1tkPOnbuiCzLNV1X3ofuUgYel3rKJC5Je | Midterm exam Wed(2-4pm).pdf
2026-06-13 11:15:20,739 | INFO    |       ★ [PYQs] 1H2Jeo5ZXzSM5CLdf0i7yFJ1zJeHM5HTU | Midterm exam Wed(2-4pm) system log.pdf
2026-06-13 11:15:20,745 | INFO    |       ★ [PYQs] 1sX4Jdexen7SBNAFDM9UHyQ9wYCZ7pQbR | UNIX_ENDTERM
2026-06-13 11:15:20,769 | INFO    |     ✓ 4 link(s) added under 'PYQs'
2026-06-13 11:15:21,092 | INFO    | 
▶ Subject: Database Management Systems Lab
2026-06-13 11:15:21,092 | INFO    |   URL: https://jiitshelf.vercel.app/material/1sAdm64mx7t45yekWIaEM6yNu4h_DS0Nr
2026-06-13 11:15:24,492 | INFO    |   ▶ Category: Lectures
2026-06-13 11:15:25,672 | INFO    |     ✓ 0 link(s) added under 'Lectures'
2026-06-13 11:15:25,999 | INFO    |   ▶ Category: Tutorials
2026-06-13 11:15:26,015 | INFO    |   ▶ Category: PYQs
2026-06-13 11:15:27,210 | INFO    |       ★ [PYQs] 17XVt3_buu5fIUWPcoOUxDpjdn9Evw5_0 | DBMS Lab Test-1.pdf
2026-06-13 11:15:27,223 | INFO    |       ★ [PYQs] 1DAIu11PEk4CM0e_647P_WNsDH6JGBvq8 | LabEval-1-Friday.pdf
2026-06-13 11:15:27,235 | INFO    |       ★ [PYQs] 1FgZnBcOXNCu2UxNN4wGDzQx-QIEf_4Kf | Lab-Test-2.pdf
2026-06-13 11:15:27,247 | INFO    |       ★ [PYQs] 1Me_fBhESDIE3YGHseKkVWPDDTtCQ3Tzz | EVAL-II fri3-5.pdf
2026-06-13 11:15:27,264 | INFO    |     ✓ 4 link(s) added under 'PYQs'
2026-06-13 11:15:27,590 | INFO    | 
▶ Subject: Database Management Systems
2026-06-13 11:15:27,590 | INFO    |   URL: https://jiitshelf.vercel.app/material/1H-VFWPXmJzvLf3mwIC7MINiVcMnGQNYH
2026-06-13 11:15:30,994 | INFO    |   ▶ Category: Lectures
2026-06-13 11:15:32,186 | INFO    |       ★ [Lectures] 1If2cVoHp2G_2AR_re7ZkHQl_ZBdZtMLS | Lecture 1.pdf
2026-06-13 11:15:32,193 | INFO    |       ★ [Lectures] 1PBfjcDYOdGuuNhK3tefPSGurNbZLBX6I | Lecture 2.pdf
2026-06-13 11:15:32,201 | INFO    |       ★ [Lectures] 1FdVWZ1hE7lGicCjLd40h_6WOkfSM6Rou | Lecture 3 and 4 (SQL).pdf
2026-06-13 11:15:32,208 | INFO    |       ★ [Lectures] 1vY0Lkz6IHrhqwd49hJuwJL26_b7JvDsY | Lecture 5(SQL joins).pdf
2026-06-13 11:15:32,215 | INFO    |       ★ [Lectures] 1jzcErFK9jYO3ofvsHRAG1hypqIkQpJYE | Lecture 6(SQL join Practice).pdf
2026-06-13 11:15:32,225 | INFO    |       ★ [Lectures] 1_g1H7QzI5y49XVZWRKSy8hT_S7HlLhlZ | Lecture 7(Nested Queries).pdf
2026-06-13 11:15:32,234 | INFO    |       ★ [Lectures] 1J1ZiavQ6722yEi1798rC_SO2i0BOmAmv | Lecture 8 (Nested Queries Practice).pdf
2026-06-13 11:15:32,242 | INFO    |       ★ [Lectures] 18ZtiflWOQWqZEipP5B8IIO8ltuD1GTEg | L9 ER Modeling.pdf
2026-06-13 11:15:32,252 | INFO    |       ★ [Lectures] 1kDBhRJu65fwr1-gbPBUonJh7yR4qw-hr | L10 ER Modelling.pdf
2026-06-13 11:15:32,263 | INFO    |       ★ [Lectures] 1YTnyTj215g0aHwITz8ztd_KY5wz8MA_O | L-11 ER Model Practice.pdf
2026-06-13 11:15:32,272 | INFO    |       ★ [Lectures] 1a3eVQkfD_S892aISicdiKE82mzxJ9DKh | L12 ER to Relational Model.pdf
2026-06-13 11:15:32,284 | INFO    |       ★ [Lectures] 1Ct2hLI4E715UvSkSIfCUkGhtuV-2DqXN | L13 EER Medel.pdf
2026-06-13 11:15:32,293 | INFO    |       ★ [Lectures] 1j7QI5FJvU2_LFRc9U7bZLrgwG0EtKDWN | L14 Practice on EER and Relational Mapping.pdf
2026-06-13 11:15:32,303 | INFO    |       ★ [Lectures] 1BoaXogfrbxPQp9zrki8n7G06T6prFaaM | Lecture 15-Relational Algebra-I.pdf
2026-06-13 11:15:32,312 | INFO    |       ★ [Lectures] 1Vna9ntjwb-g1ZyCTBu8OvLKb9KW8ftE4 | Lecture 16-Relational Algebra-II.pdf
2026-06-13 11:15:32,322 | INFO    |       ★ [Lectures] 18PD5BkxZ_HPitHkVdKBgC0SHX9x8fMRd | Lecture 17-PL-SQL-I.pdf
2026-06-13 11:15:32,332 | INFO    |       ★ [Lectures] 1WyyflIX1eKTskrKkpZ7algzWTjBPH-3E | Lecture 18-PL-SQL-II.pdf
2026-06-13 11:15:32,340 | INFO    |       ★ [Lectures] 1DAUEuhMf-Fzj9qySj4MA1kz0xTKE876B | Lecture 19-PL-SQL-III.pdf
2026-06-13 11:15:32,347 | INFO    |       ★ [Lectures] 12zczewhh40PBYc8G0boX6KDuhLWRFcNT | Lecture 20-Normalization 1.pdf
2026-06-13 11:15:32,371 | INFO    |       ★ [Lectures] 1wc4nH5kF3OneTE_dLUxL_e0oXh0W92kM | Lecture 21-Normalization 2.pdf
2026-06-13 11:15:32,381 | INFO    |       ★ [Lectures] 1wBmdTBCxpX4FZu7ZRqF6QSKOrlhdogd1 | Lecture 22-Decomposition.pdf
2026-06-13 11:15:32,388 | INFO    |       ★ [Lectures] 1wYGDM2Jadu99GEDmPq_Q1LVr0k_lEUIL | Lecture 23-Transactions-I.pptx
2026-06-13 11:15:32,396 | INFO    |       ★ [Lectures] 10IWhikjc5K7D5zyu0UDrKDR5asYEp0FT | Lecture 24-Transaction-II.pptx
2026-06-13 11:15:32,404 | INFO    |       ★ [Lectures] 1nm83MsjEXwmmsPthapkKCV9w9zY0rnCo | Lecture 25-Transaction-III.pptx
2026-06-13 11:15:32,425 | INFO    |       ★ [Lectures] 1rjJWJhXeGN3cnFGzIs1SLdwp22dLgZZE | Lecture 26-Database Security.pdf
2026-06-13 11:15:32,441 | INFO    |     ✓ 25 link(s) added under 'Lectures'
2026-06-13 11:15:32,769 | INFO    |   ▶ Category: Tutorials
2026-06-13 11:15:33,945 | INFO    |     ✓ 0 link(s) added under 'Tutorials'
2026-06-13 11:15:34,283 | INFO    |   ▶ Category: PYQs
2026-06-13 11:15:35,445 | INFO    |       ★ [PYQs] 1XujLsZfGKWZBY1OfCnuCIYJZzK2nTQB2 | DBMS_T1
2026-06-13 11:15:35,451 | INFO    |       ★ [PYQs] 15NyivCU8EIibz4-qwdL9Iua7FVMsaNfS | DBMS_T2
2026-06-13 11:15:35,458 | INFO    |       ★ [PYQs] 1C7vc4G4lfcI6d7fMxu8H7zctpw3mgJ_P | DBMS_ENDTERM.pdf
2026-06-13 11:15:35,472 | INFO    |     ✓ 3 link(s) added under 'PYQs'
2026-06-13 11:15:35,816 | INFO    | 
▶ Subject: Theory of Computation
2026-06-13 11:15:35,816 | INFO    |   URL: https://jiitshelf.vercel.app/material/1jwmX5rJiOsMgXwte_tdP4XGg4-Kdpe1b
2026-06-13 11:15:39,222 | INFO    |       ★ [Course Description] 1saocdknf-xIZUJTmqL8Ky1a7JgBaQJVP | Course Description
2026-06-13 11:15:39,222 | INFO    |   ▶ Category: Lectures
2026-06-13 11:15:40,389 | INFO    |       ★ [Lectures] 1RblYGrUVWp_ApvCE_AWgN1ig_GqR_pIW | Unit 1 (1).pdf
2026-06-13 11:15:40,396 | INFO    |       ★ [Lectures] 1nXn0cfDr96Jqpuj7v-uKI4gwbEdxrHft | Unit 1 (2).ppt
2026-06-13 11:15:40,424 | INFO    |       ★ [Lectures] 1zouj-HKX9_SzdsI4aqpZBkg7UEd__pvg | Unit 1 (3).pdf
2026-06-13 11:15:40,431 | INFO    |       ★ [Lectures] 1jlno4xLivheVc_G7qh1pCTpNeSWuZmOU | unit2_Closure Properties of regular languages.pdf
2026-06-13 11:15:40,438 | INFO    |       ★ [Lectures] 1qrDClK0hA3x-40S5KTGkWsgsF6CW7PuG | unit2_finiteautomata.pdf
2026-06-13 11:15:40,445 | INFO    |       ★ [Lectures] 11c8gbmanQe3EKhIhUS8ebelE3uOeBxrT | UNIT 3_Regular Expression.pdf
2026-06-13 11:15:40,452 | INFO    |       ★ [Lectures] 1ZLuDHj71YIwwdFqOxjsAt3lQTx529nUr | unit4_pumping lema for CFL_notes.pdf
2026-06-13 11:15:40,458 | INFO    |       ★ [Lectures] 1hBvBbtmVWJtH4f_Z2WKCKnSBS6ZkQajS | unit4_pumpinglemmaCFL.pdf
2026-06-13 11:15:40,465 | INFO    |       ★ [Lectures] 1yHDeuaQMGSsXd0VT1CTHLFc5Q28PTWTQ | Unit 4 Ambiguous grammar_CNF_GNF.pdf
2026-06-13 11:15:40,472 | INFO    |       ★ [Lectures] 1VjqtUQG4rayF0tbyXOtauELl9ychd0UE | Unit 4.pdf
2026-06-13 11:15:40,479 | INFO    |       ★ [Lectures] 1veeBv4j6wbRjgofFsqSJzPJKcHi6ZC8e | unit5_PDa_notes.pdf
2026-06-13 11:15:40,485 | INFO    |       ★ [Lectures] 1S5wrP2ra8JZR04B6h9l5ZcNmoQRtelKq | unit5.pdf
2026-06-13 11:15:40,492 | INFO    |       ★ [Lectures] 1Q7PTkXENtjUWPIu9l12_cTkhWVXp_Ca5 | unit 6 turing church thesis.pdf
2026-06-13 11:15:40,499 | INFO    |       ★ [Lectures] 1pGh6X9rhN-NXUgGuetveubQFzX_6gGqK | unit6 halting problem.pdf
2026-06-13 11:15:40,506 | INFO    |       ★ [Lectures] 1ODsrxulJMZ0Yi4ebnkMnPHAptKcx4ih7 | unit6 Recursively Enumerable Languages.pdf
2026-06-13 11:15:40,512 | INFO    |       ★ [Lectures] 1cZ7cNkSrNJqL4n3N-faZ_9q1wrGpi9jg | Unit 7 (1).pdf
2026-06-13 11:15:40,519 | INFO    |       ★ [Lectures] 1dB9pn7XpH9CcIq2K8V3ED55kcFLkc42H | Unit 7 (2).pdf
2026-06-13 11:15:40,526 | INFO    |       ★ [Lectures] 1_864_iRFAUofMRDcEWhYYEuqBaA73xSq | imp extra material.pdf
2026-06-13 11:15:40,563 | INFO    |     ✓ 18 link(s) added under 'Lectures'
2026-06-13 11:15:40,892 | INFO    |   ▶ Category: Tutorials
2026-06-13 11:15:42,058 | INFO    |       ★ [Tutorials] 1kr5AUrogEQUfzDhxeR2Vh1eY6MQUBgOc | Assignment 1.pdf
2026-06-13 11:15:42,065 | INFO    |       ★ [Tutorials] 10w4wDs5gOWLKqj9b40wo72556u2DDdWm | Assignment 2.pdf
2026-06-13 11:15:42,072 | INFO    |       ★ [Tutorials] 15zZedBI46MyifeLFy4JoVgazwiSCcmo7 | Assignment 3.docx.pdf
2026-06-13 11:15:42,087 | INFO    |     ✓ 3 link(s) added under 'Tutorials'
2026-06-13 11:15:42,415 | INFO    |   ▶ Category: PYQs
2026-06-13 11:15:43,585 | INFO    |       ★ [PYQs] 1R5uHhO6lfmW_YD4J41V7LtD8G62LdgU2 | TOC_T1
2026-06-13 11:15:43,592 | INFO    |       ★ [PYQs] 1SBGIoNsVZ8AnEbT4N5IRA87_pgPAI0kG | TOC_T2
2026-06-13 11:15:43,599 | INFO    |       ★ [PYQs] 173eP2Y9IEtdU61TZOWLmRi_1X1KKJbJF | TOC_ENDTERM.pdf
2026-06-13 11:15:43,632 | INFO    |     ✓ 3 link(s) added under 'PYQs'
2026-06-13 11:15:43,956 | INFO    | 
▶ Subject: Economics
2026-06-13 11:15:43,956 | INFO    |   URL: https://jiitshelf.vercel.app/material/1qiwaNyuQqGDGdVjBqBThYLfa6L7XzjsR
2026-06-13 11:15:47,365 | INFO    |       ★ [Course Description] 15a6casKtoEL3MTb1GZ3OX0erb6aD-r4d | Course Description
2026-06-13 11:15:47,366 | INFO    |   ▶ Category: Lectures
2026-06-13 11:15:48,543 | INFO    |       ★ [Lectures] 1ekauTMyy0gMEEyTErFVoXw24M5zzXUAh | 1. Introduction.pdf
2026-06-13 11:15:48,554 | INFO    |       ★ [Lectures] 1Eu63S6afH0juLvDoOgHYKMAhSYQ2371N | 2. DD-SS.pdf
2026-06-13 11:15:48,564 | INFO    |       ★ [Lectures] 1nS1o11t9CqdCfOHdlo1rMrj8GnQz470X | 3.Market Demand and Market Equilibrium (1).pdf
2026-06-13 11:15:48,575 | INFO    |       ★ [Lectures] 1bUuNNdHHdjLtvd6rQ9UpdV_gXYQKrj5D | 4.Elasticity.pdf
2026-06-13 11:15:48,586 | INFO    |       ★ [Lectures] 1Yy0GhcvSplCJQ6GgtYP1TLlQXutuPFwJ | 5.Consumer Choice.pdf
2026-06-13 11:15:48,596 | INFO    |       ★ [Lectures] 1eVfxI7H1Rt4G689XjNI-brwWu4z9wEqa | 6. Regression Analysis I (1).pdf
2026-06-13 11:15:48,604 | INFO    |       ★ [Lectures] 1uDsSeiFn1p7sdeRXfgC06kFbB-dBPCKl | 7.Demand Forcasting_Time Series (2).pdf
2026-06-13 11:15:48,612 | INFO    |       ★ [Lectures] 1eqbRSE7aJoa2vxY9M0bO6O5k33W2SG9B | 8. Regression Analysis II.pdf
2026-06-13 11:15:48,620 | INFO    |       ★ [Lectures] 1R2UnJRWOIuRiMBjCQU8tP6PCekUknEZa | 9.Production 2020.pdf
2026-06-13 11:15:48,627 | INFO    |       ★ [Lectures] 1MUwUJzVwaKZhCTHIF5mjyZmjjtNSY8tK | 9.COST.pdf
2026-06-13 11:15:48,635 | INFO    |       ★ [Lectures] 1Sw4JKhiu4XLk6Q9vK-46nEMFDfSZFCNr | 10.Market Structure& PC.pdf
2026-06-13 11:15:48,645 | INFO    |       ★ [Lectures] 19ibT-9L6UxCeWleiIVbG-vQgu_3B28ox | 11. Monopoly.pdf
2026-06-13 11:15:48,655 | INFO    |       ★ [Lectures] 1wVH-e7c5-KwxQO2XJkx5mf6Xs45EtM3d | 12.Monopolistic Competition Market.pdf
2026-06-13 11:15:48,664 | INFO    |       ★ [Lectures] 1alDSnGB9pQRj4344I8fr9wLCRTORWSgV | 13. Oligopoly (1).pdf
2026-06-13 11:15:48,673 | INFO    |       ★ [Lectures] 1Jv9K0oaerZyn-liEGwpVhKqJVzV95RLf | 15.Business Cycle.pdf
2026-06-13 11:15:48,682 | INFO    |       ★ [Lectures] 1oXjEMGVHu1jUeMkdZs3-9OIOqYOURL5N | 16.Inflation.pdf
2026-06-13 11:15:48,692 | INFO    |       ★ [Lectures] 1g8uH2_VymQ5zjysh5q_5qDMQ7G4NTEwE | Lecture_National Income Accounting _New.pdf
2026-06-13 11:15:48,723 | INFO    |     ✓ 17 link(s) added under 'Lectures'
2026-06-13 11:15:49,067 | INFO    |   ▶ Category: Tutorials
2026-06-13 11:15:50,233 | INFO    |       ★ [Tutorials] 1D1tjuUfq-UO6cvEHC0pEnxvBwRc9sp_J | 1. Importance of Eco.pdf
2026-06-13 11:15:50,239 | INFO    |       ★ [Tutorials] 1nqDccA2yCpmId3_RnQ7zO5KeKefsDQJ5 | 2..pdf
2026-06-13 11:15:50,247 | INFO    |       ★ [Tutorials] 1E8Zvxp7WXotNvEqIZv_zY924ngMy5ZHv | 3..pdf
2026-06-13 11:15:50,254 | INFO    |       ★ [Tutorials] 1dq0Jcqh7eqXQgTuFKEbN898SlTCHWRP- | 4..pdf
2026-06-13 11:15:50,261 | INFO    |       ★ [Tutorials] 1ageBNPkQF5IF7_GtLKKiMAdK5HQuusHV | 5..pdf
2026-06-13 11:15:50,268 | INFO    |       ★ [Tutorials] 14xr1-pkFrgOXetXLGlNJ7o0gs4u2Qpr2 | 6..pdf
2026-06-13 11:15:50,274 | INFO    |       ★ [Tutorials] 1cR5VRCxQdNu2ErvQ989uoFOxkoB7pXJ- | 7..pdf
2026-06-13 11:15:50,287 | INFO    |       ★ [Tutorials] 1eWq-QZ2oMtUaMLhATlOhK2pM4eysyM43 | 8. qs.docx
2026-06-13 11:15:50,293 | INFO    |       ★ [Tutorials] 1t1ctoxLYMHhvKx9RkXtN0Yo96P7VCWeq | 8. sol.pdf
2026-06-13 11:15:50,300 | INFO    |       ★ [Tutorials] 16rA2mUhTgiBlTRmHZYVFoktj8Rp73A79 | 9. sol.pdf
2026-06-13 11:15:50,307 | INFO    |       ★ [Tutorials] 1Njyp2BTkQxozrZJrr3jHnonwOsY-8Jsa | 9. qs.pdf
2026-06-13 11:15:50,318 | INFO    |       ★ [Tutorials] 1VIelquD39l5Xfqu2HE-gRWlMMXDe-iKL | 10. sol.pdf
2026-06-13 11:15:50,328 | INFO    |       ★ [Tutorials] 1Snyzl6GXZga7Vn7UCYb3S55Vj6nNSAwB | 10. qs.doc
2026-06-13 11:15:50,337 | INFO    |       ★ [Tutorials] 1LDa_b7M2ApMSsrnBWSVuVMzhL9R_b2H3 | 11..pdf
2026-06-13 11:15:50,347 | INFO    |       ★ [Tutorials] 1RcqtHK0OORua8KYBBj92FlN5rWH9RE6- | 12. sol.pdf
2026-06-13 11:15:50,357 | INFO    |       ★ [Tutorials] 1lJ0P86Xi-podfs0xHlfCxe7kk62VmRzq | 12. qs.doc
2026-06-13 11:15:50,366 | INFO    |       ★ [Tutorials] 1Y0RwUulCMCEmRaa7LMCibzMjYkcRp8Kk | 13. qs.docx
2026-06-13 11:15:50,376 | INFO    |       ★ [Tutorials] 1uz715KSwqiS2WV8mxo2QG_CPexHiQBNJ | 13. sol.pdf
2026-06-13 11:15:50,397 | INFO    |     ✓ 18 link(s) added under 'Tutorials'
2026-06-13 11:15:50,721 | INFO    |   ▶ Category: PYQs
2026-06-13 11:15:51,911 | INFO    |       ★ [PYQs] 1ppl2SZaTlTaL028pPVLJd0wPTNdVh4RB | T1 2025.docx
2026-06-13 11:15:51,918 | INFO    |       ★ [PYQs] 1YgNz5DU-tbcGNgL58BggCP-V7wwsvKRf | T1 2022.pdf
2026-06-13 11:15:51,925 | INFO    |       ★ [PYQs] 1D5mSswYtUGHhQmFtFMCwuvJq17W89XVC | T1 2024.pdf
2026-06-13 11:15:51,932 | INFO    |       ★ [PYQs] 1Fma9Xy_BTx6AgR_9c2CJR7BP3pTH5kdq | T2 2025
2026-06-13 11:15:51,939 | INFO    |       ★ [PYQs] 15jPrNxbLh9N5DRLq3V1xdO35nesPKBwm | T2 2024.pdf
2026-06-13 11:15:51,946 | INFO    |       ★ [PYQs] 1W7TRmEnILuaIC39b9hPr58Paef7RIyAD | T3 2025
2026-06-13 11:15:51,954 | INFO    |       ★ [PYQs] 1HILPVtJEQ5v2hh2p_eFemWdZxpY7yU9k | T3 2022.pdf
2026-06-13 11:15:51,960 | INFO    |       ★ [PYQs] 14RcCH0g7xU8m2tUnKcCG7ArjiLUWNZdn | T3 2024.pdf
2026-06-13 11:15:51,967 | INFO    |       ★ [PYQs] 1Qx5RBbmpcNEZZFuEGRABOl7bUfkxWXaf | T3 2021.pdf
2026-06-13 11:15:51,981 | INFO    |     ✓ 9 link(s) added under 'PYQs'
2026-06-13 11:15:52,305 | INFO    | 
▶ Subject: Data Structures Lab
2026-06-13 11:15:52,305 | INFO    |   URL: https://jiitshelf.vercel.app/material/1G1vo7ZJRtUr6Ovi4QSVCTHihlxRzTT60
2026-06-13 11:15:55,712 | INFO    |       ★ [Course Description] 1oTce86bfWtTnLEUG6pWSGWn39k8Kmqa8 | Course Description
2026-06-13 11:15:55,712 | INFO    |   ▶ Category: Lectures
2026-06-13 11:15:56,895 | INFO    |       ★ [Lectures] 103WH69RH-K-PoELa29Y-CigZ152jyy_I | ODD2024-Data Structure _Lab Manual.pdf
2026-06-13 11:15:56,921 | INFO    |     ✓ 1 link(s) added under 'Lectures'
2026-06-13 11:15:57,252 | INFO    |   ▶ Category: Tutorials
2026-06-13 11:15:57,269 | INFO    |   ▶ Category: PYQs
2026-06-13 11:15:58,428 | INFO    |       ★ [PYQs] 1d-GVWsXmeEj5GSJ-KU6jZVYMoJbJS43m | Eval1 - Paper 1.pdf
2026-06-13 11:15:58,434 | INFO    |       ★ [PYQs] 1BafGBHIWs3u5D5lyFdTNaVt-r113K2Xz | Labtest1 - Paper 1.pdf
2026-06-13 11:15:58,442 | INFO    |       ★ [PYQs] 1-2vXxcRJX6hztWPtYQv165wXJRZJWjib | Labtest1 - Paper 2.pdf
2026-06-13 11:15:58,449 | INFO    |       ★ [PYQs] 1qYz4aN9l1MmVwf-i1xv0abtYwX1nvmNT | Eval1 - Paper 2.pdf
2026-06-13 11:15:58,457 | INFO    |       ★ [PYQs] 1K75eqZoU7zGyqqrbr8AZpPPR8qfQTVQ5 | Eval2 - Paper 1.pdf
2026-06-13 11:15:58,463 | INFO    |       ★ [PYQs] 1Fc95Xw1UtWg-8pntGCnE-0XR4wXYmE3P | Labtest2 - Paper 1.pdf
2026-06-13 11:15:58,471 | INFO    |       ★ [PYQs] 1QrxT2PmB0LQ-GvPdp8TtSKGPJLd4we3X | Labtest2 - Paper 2.pdf
2026-06-13 11:15:58,478 | INFO    |       ★ [PYQs] 1-Sp6TcdnkdhE6QcrENccp12WxKbo39d7 | Eval2 - Paper 2.pdf
2026-06-13 11:15:58,525 | INFO    |     ✓ 8 link(s) added under 'PYQs'
2026-06-13 11:15:58,850 | INFO    | 
▶ Subject: Data Structures
2026-06-13 11:15:58,851 | INFO    |   URL: https://jiitshelf.vercel.app/material/13o3VqbtxzLxWzvAoSGE2Xx6IHdo5fGkh
2026-06-13 11:16:02,260 | INFO    |       ★ [Course Description] 1tmWzJEBFHwf53M5ST5xKwF5XlGxFseqa | Course Description
2026-06-13 11:16:02,260 | INFO    |   ▶ Category: Lectures
2026-06-13 11:16:03,420 | INFO    |       ★ [Lectures] 1NkkLcqMz0dUv76TJlpYTbj-nwg4U7TsD | Module 1.pdf
2026-06-13 11:16:03,427 | INFO    |       ★ [Lectures] 1hOsFqzZNZptl3Yvrq5GqYuFMteQTSNl9 | Module 2.pdf
2026-06-13 11:16:03,434 | INFO    |       ★ [Lectures] 1s8zylRTmfC2KJ0YyrtnSuvKliasNN4QH | Module 3.pdf
2026-06-13 11:16:03,440 | INFO    |       ★ [Lectures] 1wcfKjFv_QbDxJAFg94_CKWn1Z_aoeCI3 | Module 4.pdf
2026-06-13 11:16:03,448 | INFO    |       ★ [Lectures] 1W6mr1sBWkhTCzAz8rq9WGbSXP6zTN7Ko | Module 5.pdf
2026-06-13 11:16:03,486 | INFO    |       ★ [Lectures] 18gsI4ZD6xvOodr6rgzEJ3Do5NbK3mHXj | Module 6.pdf
2026-06-13 11:16:03,494 | INFO    |       ★ [Lectures] 1_KneStZMLiialuzUHOLOFcxiaONy85zb | kd-Trees.pdf
2026-06-13 11:16:03,521 | INFO    |     ✓ 7 link(s) added under 'Lectures'
2026-06-13 11:16:03,844 | INFO    |   ▶ Category: Tutorials
2026-06-13 11:16:05,006 | INFO    |       ★ [Tutorials] 14LwfdTueWoewg8pIfmIZF0M4FlHAYpmZ | Tutorial 0.pdf
2026-06-13 11:16:05,013 | INFO    |       ★ [Tutorials] 1zgbaap5WkL0vtJtJswRRtgXsnOSGL7yt | Tutorial 1.pdf
2026-06-13 11:16:05,020 | INFO    |       ★ [Tutorials] 1IjtLwe90THjHqL_-fAyFmxwmR2tMgF9L | Tutorial 2.pdf
2026-06-13 11:16:05,026 | INFO    |       ★ [Tutorials] 1LyZh6UaoZG0Yrs5I50yc_KXsvG9DupoR | Tutorial 3.pdf
2026-06-13 11:16:05,033 | INFO    |       ★ [Tutorials] 1QPh96pk8AtIelyuBYbh1C5wW7oOL5f_7 | Tutorial 4.pdf
2026-06-13 11:16:05,040 | INFO    |       ★ [Tutorials] 11G1p2T8EohyZ4tAz3HmwXzi1wtCUVojB | Tutorial 5.pdf
2026-06-13 11:16:05,047 | INFO    |       ★ [Tutorials] 1oON1sCXb7RfayeTduCbv2Z9kmkJBTMI4 | Tutorial 6.pdf
2026-06-13 11:16:05,054 | INFO    |       ★ [Tutorials] 19VjieIebiSYhrixP9-hKGP8Xif3Sfyhf | Tutorial 7.pdf
2026-06-13 11:16:05,061 | INFO    |       ★ [Tutorials] 15glDYtZWk27gFkXr6BdHwbPkGhHt762m | Tutorial 8.pdf
2026-06-13 11:16:05,068 | INFO    |       ★ [Tutorials] 1YGMqyPMz-zqwj95C3TvCFZDlQeMFDPiF | Tutorial 9.pdf
2026-06-13 11:16:05,075 | INFO    |       ★ [Tutorials] 1CJ35UprvSpNuSkwbnAy_yBoVI2-uQJC0 | Tutorial 10.pdf
2026-06-13 11:16:05,082 | INFO    |       ★ [Tutorials] 1ZZ3ZmKsOL7-omhOr0gI0B8yIUhVzX9HR | Tutorial 11.pdf
2026-06-13 11:16:05,089 | INFO    |       ★ [Tutorials] 1QE0YDw3rmW87Ixt9gHIhRrVLdUBUaN0V | Tutorial 12.pdf
2026-06-13 11:16:05,103 | INFO    |     ✓ 13 link(s) added under 'Tutorials'
2026-06-13 11:16:05,427 | INFO    |   ▶ Category: PYQs
2026-06-13 11:16:06,599 | INFO    |       ★ [PYQs] 1SI-E6mxGi8EAxtzsRzKeQXwKWT6TauLl | T1 2025
2026-06-13 11:16:06,608 | INFO    |       ★ [PYQs] 1a8yJXlbViFXGRTZa7_ZOXtBeX_QOM5ZS | T1 2024.pdf
2026-06-13 11:16:06,619 | INFO    |       ★ [PYQs] 1f1ujagepucFEXn2ENjg-YchzcBrFQw08 | T1 2021.pdf
2026-06-13 11:16:06,629 | INFO    |       ★ [PYQs] 13_c6pSlI4ameBBG07A0qLzebCgwDlU9g | T2 2025
2026-06-13 11:16:06,639 | INFO    |       ★ [PYQs] 1TeOfrELjO_K4iJddqciBbSjGSpbPMopb | T2 2024.pdf
2026-06-13 11:16:06,650 | INFO    |       ★ [PYQs] 1EHUikYyCEbIZ8p_IHvBoiAX5EnE9wDsQ | T3 2025
2026-06-13 11:16:06,659 | INFO    |       ★ [PYQs] 1MAoZ-Vuu2jhxLhNLqIVZYiQae9UpZrH7 | T3 2024.pdf
2026-06-13 11:16:06,678 | INFO    |     ✓ 7 link(s) added under 'PYQs'
2026-06-13 11:16:09,180 | INFO    | Browser closed
2026-06-13 11:16:09,184 | INFO    | Saved → jiit_downloads\gdrive_links.json
2026-06-13 11:16:09,184 | INFO    | 
Downloading 211 file(s) | workers=4
2026-06-13 11:21:56,572 | INFO    | Saved → jiit_downloads\download_results.json
